subject,start_s,end_s,video
1,1e-05,19.99901,10
1,10.00001,29.99901,10
1,20.00001,39.999010000000006,10
1,30.00001,49.999010000000006,10
1,40.00001,59.999010000000006,10
1,50.00001,70.00000999999999,10
1,60.00001,80.00000999999999,10
1,70.00101,90.00000999999999,10
1,80.00101,100.00000999999999,10
1,101.52501,121.52400999999999,11
1,111.52501,131.52401,11
1,121.52501,141.52401,11
1,131.52501,151.52401,11
1,141.52501,161.52401,11
1,151.52501,171.52401,11
1,161.52501,181.52401,11
1,171.52501,191.52401,11
1,181.52501,201.52401,11
1,191.52501,211.52401,11
1,221.54701,241.54601,3
1,231.54701,251.54601,3
1,241.54701,261.54601,3
1,251.54701,271.54601,3
1,261.54701,281.54601,3
1,271.54701,291.54601,3
1,281.54701,301.54601,3
1,291.54701,311.54601,3
1,301.54701,321.54601,3
1,311.54701,331.54601,3
1,340.19701000000003,360.19601,11
1,350.19701000000003,370.19601,11
1,360.19701000000003,380.19601,11
1,370.19701000000003,390.19601,11
1,380.19701000000003,400.19601,11
1,390.19701000000003,410.19601,11
1,400.19701000000003,420.19601,11
1,410.19701000000003,430.19601,11
1,420.19701000000003,440.19601,11
1,430.19701000000003,450.19601,11
1,460.19801,480.19701000000003,1
1,470.19801,490.19701000000003,1
1,480.19801,500.19701000000003,1
1,490.19801,510.19701000000003,1
1,500.19801,520.19801,1
1,510.19801,530.19801,1
1,520.19901,540.19801,1
1,530.19901,550.19801,1
1,540.19901,560.19801,1
1,550.19901,570.19801,1
1,560.19901,580.19801,1
1,570.19901,590.19801,1
1,580.19901,600.19801,1
1,590.19901,610.19801,1
1,600.19901,620.19801,1
1,610.19901,630.19801,1
1,620.19901,640.19801,1
1,645.79801,665.79701,11
1,655.79801,675.79701,11
1,665.79801,685.79701,11
1,675.79801,695.79701,11
1,685.79801,705.79701,11
1,695.79801,715.79701,11
1,705.79801,725.79701,11
1,715.79801,735.79701,11
1,725.79801,745.79701,11
1,735.79801,755.79701,11
1,765.79601,785.79501,5
1,775.79601,795.79501,5
1,785.79601,805.79501,5
1,795.79601,815.79501,5
1,805.79601,825.79501,5
1,815.79601,835.79501,5
1,825.79601,845.79501,5
1,835.79601,855.79501,5
1,845.79601,865.79501,5
1,855.79601,875.79501,5
1,865.79601,885.79501,5
1,875.79601,895.79501,5
1,885.79601,905.79501,5
1,910.89601,930.89501,11
1,920.89601,940.89501,11
1,930.89601,950.89501,11
1,940.89601,960.89501,11
1,950.89601,970.89501,11
1,960.89601,980.89501,11
1,970.89601,990.89501,11
1,980.89601,1000.89501,11
1,990.89601,1010.89501,11
1,1000.89601,1020.89501,11
1,1030.89401,1050.89301,7
1,1040.89401,1060.89301,7
1,1050.89401,1070.89301,7
1,1060.89401,1080.89301,7
1,1070.89401,1090.89301,7
1,1080.89401,1100.89301,7
1,1090.89401,1110.89301,7
1,1100.89401,1120.89301,7
1,1110.89401,1130.89301,7
1,1120.89401,1140.89301,7
1,1130.89401,1150.89301,7
1,1140.89401,1160.89301,7
1,1150.89401,1170.89301,7
1,1160.89401,1180.89301,7
1,1170.89401,1190.89301,7
1,1180.89401,1200.89301,7
1,1190.89401,1210.89301,7
1,1200.89401,1220.89301,7
1,1227.89401,1247.89301,11
1,1237.89401,1257.89301,11
1,1247.89401,1267.89301,11
1,1257.89401,1277.89301,11
1,1267.89401,1287.89301,11
1,1277.89401,1297.89301,11
1,1287.89401,1307.89301,11
1,1297.89401,1317.89301,11
1,1307.89401,1327.89301,11
1,1317.89401,1337.89301,11
1,1347.89701,1367.89601,4
1,1357.89701,1377.89601,4
1,1367.89701,1387.89601,4
1,1377.89701,1397.89601,4
1,1387.89701,1407.89601,4
1,1397.89701,1417.89601,4
1,1407.89701,1427.89601,4
1,1417.89701,1437.89601,4
1,1427.89701,1447.89601,4
1,1437.89701,1457.89601,4
1,1447.89701,1467.89601,4
1,1457.89701,1477.89601,4
1,1467.89701,1487.89601,4
1,1477.89701,1497.89601,4
1,1487.89701,1507.89601,4
1,1507.99701,1527.99601,11
1,1517.99701,1537.99601,11
1,1527.99701,1547.99601,11
1,1537.99701,1557.99601,11
1,1547.99701,1567.99601,11
1,1557.99701,1577.99601,11
1,1567.99701,1587.99601,11
1,1577.99701,1597.99601,11
1,1587.99701,1607.99601,11
1,1597.99701,1617.99601,11
1,1627.99801,1647.99701,2
1,1637.99801,1657.99701,2
1,1647.99801,1667.99701,2
1,1657.99801,1677.99701,2
1,1667.99801,1687.99701,2
1,1677.99801,1697.99701,2
1,1687.99801,1707.99701,2
1,1697.99801,1717.99701,2
1,1707.99801,1727.99701,2
1,1717.99801,1737.99701,2
1,1727.99801,1747.99701,2
1,1737.99801,1757.99701,2
1,1747.99801,1767.99701,2
1,1757.99801,1777.99701,2
1,1767.99801,1787.99701,2
1,1777.99801,1797.99701,2
1,1801.09801,1821.09701,11
1,1811.09801,1831.09701,11
1,1821.09801,1841.09701,11
1,1831.09801,1851.09701,11
1,1841.09801,1861.09701,11
1,1851.09801,1871.09701,11
1,1861.09801,1881.09701,11
1,1871.09801,1891.09701,11
1,1881.09801,1901.09701,11
1,1891.09801,1911.09701,11
1,1921.09501,1941.09401,6
1,1931.09501,1951.09401,6
1,1941.09501,1961.09401,6
1,1951.09501,1971.09401,6
1,1961.09501,1981.09401,6
1,1971.09501,1991.09401,6
1,1981.09501,2001.09401,6
1,1991.09501,2011.09401,6
1,2001.09501,2021.09401,6
1,2011.09501,2031.09401,6
1,2021.09501,2041.09401,6
1,2031.09501,2051.09401,6
1,2041.09501,2061.09401,6
1,2067.84501,2087.84401,11
1,2077.84501,2097.84401,11
1,2087.84501,2107.84401,11
1,2097.84501,2117.84401,11
1,2107.84501,2127.84401,11
1,2117.84501,2137.84401,11
1,2127.84501,2147.84401,11
1,2137.84501,2157.84401,11
1,2147.84501,2167.84401,11
1,2157.84501,2177.84401,11
1,2187.84201,2207.8410099999996,8
1,2197.84201,2217.8410099999996,8
1,2207.84201,2227.8410099999996,8
1,2217.84201,2237.8410099999996,8
1,2227.84201,2247.8410099999996,8
1,2237.84201,2257.8410099999996,8
1,2247.84201,2267.8410099999996,8
1,2257.84201,2277.8410099999996,8
1,2267.84201,2287.8410099999996,8
1,2277.84201,2297.8410099999996,8
1,2287.84201,2307.8410099999996,8
1,2297.84201,2317.8410099999996,8
1,2307.84201,2327.8410099999996,8
1,2331.59401,2351.5930099999996,12
1,2341.59401,2361.5930099999996,12
1,2351.59401,2371.5930099999996,12
1,2361.59401,2381.5930099999996,12
1,2371.59401,2391.5930099999996,12
1,2381.59401,2401.5930099999996,12
1,2391.59401,2411.5930099999996,12
1,2401.59401,2421.5930099999996,12
1,2411.59401,2431.5930099999996,12
1,2421.59401,2441.5930099999996,12
2,0.00101,20.001009999999997,10
2,10.00101,30.001009999999997,10
2,20.00201,40.00001,10
2,30.00201,50.00001,10
2,40.00101,60.00001,10
2,50.00101,70.00101,10
2,60.00101,80.00101,10
2,70.00201,90.00101,10
2,80.00201,100.00101,10
2,101.52501,121.52400999999999,11
2,111.52501,131.52401,11
2,121.52501,141.52401,11
2,131.52501,151.52401,11
2,141.52501,161.52401,11
2,151.52501,171.52401,11
2,161.52501,181.52401,11
2,171.52501,191.52401,11
2,181.52501,201.52401,11
2,191.52501,211.52401,11
2,221.54801,241.54701,2
2,231.54801,251.54701,2
2,241.54801,261.54701,2
2,251.54801,271.54701,2
2,261.54801000000003,281.54701,2
2,271.54801000000003,291.54701,2
2,281.54801000000003,301.54701,2
2,291.54801000000003,311.54701,2
2,301.54801000000003,321.54701,2
2,311.54801000000003,331.54701,2
2,321.54801000000003,341.54701,2
2,331.54801000000003,351.54701,2
2,341.54801000000003,361.54701,2
2,351.54801000000003,371.54701,2
2,361.54801000000003,381.54701,2
2,371.54801000000003,391.54701,2
2,394.64801,414.64701,11
2,404.64801,424.64701,11
2,414.64801,434.64701,11
2,424.64801,444.64701,11
2,434.64801,454.64701,11
2,444.64801,464.64701,11
2,454.64801,474.64701,11
2,464.64801,484.64701,11
2,474.64801,494.64701,11
2,484.64801,504.64701,11
2,514.64501,534.64401,6
2,524.64501,544.64401,6
2,534.64501,554.64401,6
2,544.64501,564.64401,6
2,554.64501,574.64401,6
2,564.64501,584.64401,6
2,574.64501,594.64401,6
2,584.64501,604.64401,6
2,594.64501,614.64401,6
2,604.64501,624.64401,6
2,614.64501,634.64401,6
2,624.64501,644.64401,6
2,634.64501,654.64401,6
2,661.39501,681.39401,11
2,671.39501,691.39401,11
2,681.39501,701.39401,11
2,691.39501,711.39401,11
2,701.39501,721.39401,11
2,711.39501,731.39401,11
2,721.39501,741.39401,11
2,731.39501,751.39401,11
2,741.39501,761.39401,11
2,751.39501,771.39401,11
2,781.39701,801.39601,4
2,791.39701,811.39601,4
2,801.39701,821.39601,4
2,811.39701,831.39601,4
2,821.39701,841.39601,4
2,831.39701,851.39601,4
2,841.39701,861.39601,4
2,851.39701,871.39601,4
2,861.39701,881.39601,4
2,871.39701,891.39601,4
2,881.39701,901.39601,4
2,891.39701,911.39601,4
2,901.39701,921.39601,4
2,911.39701,931.39601,4
2,921.39701,941.39601,4
2,941.49701,961.49601,11
2,951.49701,971.49601,11
2,961.49701,981.49601,11
2,971.49701,991.49601,11
2,981.49701,1001.49601,11
2,991.49701,1011.49601,11
2,1001.49701,1021.49601,11
2,1011.49701,1031.49601,11
2,1021.49701,1041.49601,11
2,1031.49701,1051.49601,11
2,1061.49201,1081.49101,8
2,1071.49201,1091.49101,8
2,1081.49201,1101.49101,8
2,1091.49201,1111.49101,8
2,1101.49201,1121.49101,8
2,1111.49201,1131.49101,8
2,1121.49201,1141.49101,8
2,1131.49201,1151.49101,8
2,1141.49201,1161.49101,8
2,1151.49201,1171.49101,8
2,1161.49201,1181.49101,8
2,1171.49201,1191.49101,8
2,1181.49201,1201.49101,8
2,1205.24201,1225.24101,11
2,1215.24201,1235.24101,11
2,1225.24201,1245.24101,11
2,1235.24201,1255.24101,11
2,1245.24201,1265.24101,11
2,1255.24201,1275.24101,11
2,1265.24201,1285.24101,11
2,1275.24201,1295.24101,11
2,1285.24201,1305.24101,11
2,1295.24201,1315.24101,11
2,1325.24801,1345.24701,1
2,1335.24801,1355.24701,1
2,1345.24801,1365.24701,1
2,1355.24801,1375.24701,1
2,1365.24801,1385.24701,1
2,1375.24801,1395.24701,1
2,1385.24801,1405.24701,1
2,1395.24801,1415.24701,1
2,1405.24801,1425.24701,1
2,1415.24801,1435.24701,1
2,1425.24801,1445.24701,1
2,1435.24801,1455.24701,1
2,1445.24801,1465.24701,1
2,1455.24801,1475.24701,1
2,1465.24801,1485.24701,1
2,1475.24801,1495.24701,1
2,1485.24801,1505.24701,1
2,1510.84801,1530.84701,11
2,1520.84801,1540.84701,11
2,1530.84801,1550.84701,11
2,1540.84801,1560.84701,11
2,1550.84801,1570.84701,11
2,1560.84801,1580.84701,11
2,1570.84801,1590.84701,11
2,1580.84801,1600.84701,11
2,1590.84801,1610.84701,11
2,1600.84801,1620.84701,11
2,1630.84701,1650.84601,3
2,1640.84701,1660.84601,3
2,1650.84701,1670.84601,3
2,1660.84701,1680.84601,3
2,1670.84701,1690.84601,3
2,1680.84701,1700.84601,3
2,1690.84701,1710.84601,3
2,1700.84701,1720.84601,3
2,1710.84701,1730.84601,3
2,1720.84701,1740.84601,3
2,1749.49701,1769.49601,11
2,1759.49701,1779.49601,11
2,1769.49701,1789.49601,11
2,1779.49701,1799.49601,11
2,1789.49701,1809.49601,11
2,1799.49701,1819.49601,11
2,1809.49701,1829.49601,11
2,1819.49701,1839.49601,11
2,1829.49701,1849.49601,11
2,1839.49701,1859.49601,11
2,1869.49601,1889.49501,5
2,1879.49601,1899.49501,5
2,1889.49601,1909.49501,5
2,1899.49601,1919.49501,5
2,1909.49601,1929.49501,5
2,1919.49601,1939.49501,5
2,1929.49601,1949.49501,5
2,1939.49601,1959.49501,5
2,1949.49601,1969.49501,5
2,1959.49601,1979.49501,5
2,1969.49601,1989.49501,5
2,1979.49601,1999.49501,5
2,1989.49601,2009.49501,5
2,2014.59601,2034.59501,11
2,2024.59601,2044.59501,11
2,2034.59601,2054.59501,11
2,2044.59601,2064.59501,11
2,2054.59601,2074.59501,11
2,2064.59601,2084.59501,11
2,2074.59601,2094.59501,11
2,2084.59601,2104.5960099999998,11
2,2094.59601,2114.5960099999998,11
2,2104.59701,2124.5960099999998,11
2,2134.59401,2154.5930099999996,7
2,2144.59401,2164.5930099999996,7
2,2154.59401,2174.5930099999996,7
2,2164.59401,2184.5930099999996,7
2,2174.59401,2194.5930099999996,7
2,2184.59401,2204.5930099999996,7
2,2194.59401,2214.5930099999996,7
2,2204.59401,2224.5930099999996,7
2,2214.59401,2234.5930099999996,7
2,2224.59401,2244.5930099999996,7
2,2234.59401,2254.5930099999996,7
2,2244.59401,2264.5930099999996,7
2,2254.59401,2274.5930099999996,7
2,2264.59401,2284.5930099999996,7
2,2274.59401,2294.5930099999996,7
2,2284.59401,2304.5930099999996,7
2,2294.59401,2314.5930099999996,7
2,2304.59401,2324.5930099999996,7
2,2331.59501,2351.59401,12
2,2341.59501,2361.59401,12
2,2351.59501,2371.59401,12
2,2361.59501,2381.59401,12
2,2371.59501,2391.59401,12
2,2381.59501,2401.59401,12
2,2391.59501,2411.59401,12
2,2401.59501,2421.59401,12
2,2411.59501,2431.59401,12
2,2421.59501,2441.59401,12
3,0.00101,20.001009999999997,10
3,10.00101,30.001009999999997,10
3,20.00201,40.00001,10
3,30.00201,50.00001,10
3,40.00101,60.00001,10
3,50.00101,70.00101,10
3,60.00101,80.00101,10
3,70.00201,90.00101,10
3,80.00201,100.00101,10
3,101.52501,121.52400999999999,11
3,111.52501,131.52401,11
3,121.52501,141.52401,11
3,131.52501,151.52401,11
3,141.52501,161.52401,11
3,151.52501,171.52401,11
3,161.52501,181.52401,11
3,171.52501,191.52401,11
3,181.52501,201.52401,11
3,191.52501,211.52401,11
3,221.54601,241.54501000000002,5
3,231.54601,251.54501000000002,5
3,241.54601,261.54501,5
3,251.54601,271.54501,5
3,261.54601,281.54501,5
3,271.54601,291.54501,5
3,281.54601,301.54501,5
3,291.54601,311.54501,5
3,301.54601,321.54501,5
3,311.54601,331.54501,5
3,321.54601,341.54501,5
3,331.54601,351.54501,5
3,341.54601,361.54501,5
3,366.64601,386.64501,11
3,376.64601,396.64501,11
3,386.64601,406.64501,11
3,396.64601,416.64501,11
3,406.64601,426.64501,11
3,416.64601,436.64501,11
3,426.64601,446.64501,11
3,436.64601,456.64501,11
3,446.64601,466.64501,11
3,456.64601,476.64501,11
3,486.64401000000004,506.64301,7
3,496.64401000000004,516.64301,7
3,506.64401000000004,526.64301,7
3,516.64401,536.64301,7
3,526.64401,546.64301,7
3,536.64401,556.64301,7
3,546.64401,566.64301,7
3,556.64401,576.64301,7
3,566.64401,586.64301,7
3,576.64401,596.64301,7
3,586.64401,606.64301,7
3,596.64401,616.64301,7
3,606.64401,626.64301,7
3,616.64401,636.64301,7
3,626.64401,646.64301,7
3,636.64401,656.64301,7
3,646.64401,666.64301,7
3,656.64401,676.64301,7
3,683.64401,703.64301,11
3,693.64401,713.64301,11
3,703.64401,723.64301,11
3,713.64401,733.64301,11
3,723.64401,743.64301,11
3,733.64401,753.64301,11
3,743.64401,763.64301,11
3,753.64401,773.64301,11
3,763.64401,783.64301,11
3,773.64401,793.64301,11
3,803.64801,823.64701,1
3,813.64801,833.64701,1
3,823.64801,843.64701,1
3,833.64801,853.64701,1
3,843.64801,863.64701,1
3,853.64801,873.64701,1
3,863.64801,883.64701,1
3,873.64801,893.64701,1
3,883.64801,903.64701,1
3,893.64801,913.64701,1
3,903.64801,923.64701,1
3,913.64801,933.64701,1
3,923.64801,943.64701,1
3,933.64801,953.64701,1
3,943.64801,963.64701,1
3,953.64801,973.64701,1
3,963.64801,983.64701,1
3,989.24801,1009.24701,11
3,999.24801,1019.24701,11
3,1009.24801,1029.24701,11
3,1019.24801,1039.24701,11
3,1029.24801,1049.24701,11
3,1039.24801,1059.24701,11
3,1049.24801,1069.24701,11
3,1059.24801,1079.24701,11
3,1069.24801,1089.24701,11
3,1079.24801,1099.24701,11
3,1109.24701,1129.24601,3
3,1119.24701,1139.24601,3
3,1129.24701,1149.24601,3
3,1139.24701,1159.24601,3
3,1149.24701,1169.24601,3
3,1159.24701,1179.24601,3
3,1169.24701,1189.24601,3
3,1179.24701,1199.24601,3
3,1189.24701,1209.24601,3
3,1199.24701,1219.24601,3
3,1227.89701,1247.89601,11
3,1237.89701,1257.89601,11
3,1247.89701,1267.89601,11
3,1257.89701,1277.89601,11
3,1267.89701,1287.89601,11
3,1277.89701,1297.89601,11
3,1287.89701,1307.89601,11
3,1297.89701,1317.89601,11
3,1307.89701,1327.89601,11
3,1317.89701,1337.89601,11
3,1347.89801,1367.89701,2
3,1357.89801,1377.89701,2
3,1367.89801,1387.89701,2
3,1377.89801,1397.89701,2
3,1387.89801,1407.89701,2
3,1397.89801,1417.89701,2
3,1407.89801,1427.89701,2
3,1417.89801,1437.89701,2
3,1427.89801,1447.89701,2
3,1437.89801,1457.89701,2
3,1447.89801,1467.89701,2
3,1457.89801,1477.89701,2
3,1467.89801,1487.89701,2
3,1477.89801,1497.89701,2
3,1487.89801,1507.89701,2
3,1497.89801,1517.89701,2
3,1520.99801,1540.99701,11
3,1530.99801,1550.99701,11
3,1540.99801,1560.99701,11
3,1550.99801,1570.99701,11
3,1560.99801,1580.99701,11
3,1570.99801,1590.99701,11
3,1580.99801,1600.99701,11
3,1590.99801,1610.99701,11
3,1600.99801,1620.99701,11
3,1610.99801,1630.99701,11
3,1640.99701,1660.99601,4
3,1650.99701,1670.99601,4
3,1660.99701,1680.99601,4
3,1670.99701,1690.99601,4
3,1680.99701,1700.99601,4
3,1690.99701,1710.99601,4
3,1700.99701,1720.99601,4
3,1710.99701,1730.99601,4
3,1720.99701,1740.99601,4
3,1730.99701,1750.99601,4
3,1740.99701,1760.99601,4
3,1750.99701,1770.99601,4
3,1760.99701,1780.99601,4
3,1770.99701,1790.99601,4
3,1780.99701,1800.99601,4
3,1801.09701,1821.09601,11
3,1811.09701,1831.09601,11
3,1821.09701,1841.09601,11
3,1831.09701,1851.09601,11
3,1841.09701,1861.09601,11
3,1851.09701,1871.09601,11
3,1861.09701,1881.09601,11
3,1871.09701,1891.09601,11
3,1881.09701,1901.09601,11
3,1891.09701,1911.09601,11
3,1921.09201,1941.09101,8
3,1931.09201,1951.09101,8
3,1941.09201,1961.09101,8
3,1951.09201,1971.09101,8
3,1961.09201,1981.09101,8
3,1971.09201,1991.09101,8
3,1981.09201,2001.09101,8
3,1991.09201,2011.09101,8
3,2001.09201,2021.09101,8
3,2011.09201,2031.09101,8
3,2021.09201,2041.09101,8
3,2031.09201,2051.09201,8
3,2041.09201,2061.09201,8
3,2064.84201,2084.84101,11
3,2074.84201,2094.84101,11
3,2084.84201,2104.8410099999996,11
3,2094.84201,2114.8410099999996,11
3,2104.84201,2124.8410099999996,11
3,2114.84201,2134.8410099999996,11
3,2124.84201,2144.8410099999996,11
3,2134.84201,2154.8410099999996,11
3,2144.84201,2164.8410099999996,11
3,2154.84201,2174.8410099999996,11
3,2184.84501,2204.84401,6
3,2194.84501,2214.84401,6
3,2204.84501,2224.84401,6
3,2214.84501,2234.84401,6
3,2224.84501,2244.84401,6
3,2234.84501,2254.84401,6
3,2244.84501,2264.84401,6
3,2254.84501,2274.84401,6
3,2264.84501,2284.84401,6
3,2274.84501,2294.84401,6
3,2284.84501,2304.84401,6
3,2294.84501,2314.84401,6
3,2304.84501,2324.84401,6
3,2331.5960099999998,2351.59501,12
3,2341.5960099999998,2361.59501,12
3,2351.5960099999998,2371.59501,12
3,2361.5960099999998,2381.59501,12
3,2371.5960099999998,2391.59501,12
3,2381.5960099999998,2401.59501,12
3,2391.5960099999998,2411.59501,12
3,2401.5960099999998,2421.59501,12
3,2411.5960099999998,2431.59501,12
3,2421.5960099999998,2441.59501,12
4,1e-05,19.99901,10
4,10.00001,29.99901,10
4,20.00001,39.999010000000006,10
4,30.00001,49.999010000000006,10
4,40.00001,59.999010000000006,10
4,50.00001,70.00000999999999,10
4,60.00001,80.00000999999999,10
4,70.00101,90.00000999999999,10
4,80.00101,100.00000999999999,10
4,101.52501,121.52400999999999,11
4,111.52501,131.52401,11
4,121.52501,141.52401,11
4,131.52501,151.52401,11
4,141.52501,161.52401,11
4,151.52501,171.52401,11
4,161.52501,181.52401,11
4,171.52501,191.52401,11
4,181.52501,201.52401,11
4,191.52501,211.52401,11
4,221.54701,241.54601,4
4,231.54701,251.54601,4
4,241.54701,261.54601,4
4,251.54701,271.54601,4
4,261.54701,281.54601,4
4,271.54701,291.54601,4
4,281.54701,301.54601,4
4,291.54701,311.54601,4
4,301.54701,321.54601,4
4,311.54701,331.54601,4
4,321.54701,341.54601,4
4,331.54701,351.54601,4
4,341.54701,361.54601,4
4,351.54701,371.54601,4
4,361.54701,381.54601,4
4,381.64701,401.64601,11
4,391.64701,411.64601,11
4,401.64701,421.64601,11
4,411.64701,431.64601,11
4,421.64701,441.64601,11
4,431.64701,451.64601,11
4,441.64701,461.64601,11
4,451.64701,471.64601,11
4,461.64701,481.64601,11
4,471.64701,491.64601,11
4,501.64801,521.64701,2
4,511.64801,531.64701,2
4,521.64801,541.64701,2
4,531.64801,551.64701,2
4,541.64801,561.64701,2
4,551.64801,571.64701,2
4,561.64801,581.64701,2
4,571.64801,591.64701,2
4,581.64801,601.64701,2
4,591.64801,611.64701,2
4,601.64801,621.64701,2
4,611.64801,631.64701,2
4,621.64801,641.64701,2
4,631.64801,651.64701,2
4,641.64801,661.64701,2
4,651.64801,671.64701,2
4,674.74801,694.74701,11
4,684.74801,704.74701,11
4,694.74801,714.74701,11
4,704.74801,724.74701,11
4,714.74801,734.74701,11
4,724.74801,744.74701,11
4,734.74801,754.74701,11
4,744.74801,764.74701,11
4,754.74801,774.74701,11
4,764.74801,784.74701,11
4,794.74201,814.74101,8
4,804.74201,824.74101,8
4,814.74201,834.74101,8
4,824.74201,844.74101,8
4,834.74201,854.74101,8
4,844.74201,864.74101,8
4,854.74201,874.74101,8
4,864.74201,884.74101,8
4,874.74201,894.74101,8
4,884.74201,904.74101,8
4,894.74201,914.74101,8
4,904.74201,924.74101,8
4,914.74201,934.74101,8
4,938.49201,958.49101,11
4,948.49201,968.49101,11
4,958.49201,978.49101,11
4,968.49201,988.49101,11
4,978.49201,998.49101,11
4,988.49201,1008.49101,11
4,998.49201,1018.49101,11
4,1008.49201,1028.49101,11
4,1018.49201,1038.49101,11
4,1028.49201,1048.49101,11
4,1058.49501,1078.4940100000001,6
4,1068.49501,1088.4940100000001,6
4,1078.49501,1098.4940100000001,6
4,1088.49501,1108.4940100000001,6
4,1098.49501,1118.4940100000001,6
4,1108.49501,1128.4940100000001,6
4,1118.49501,1138.4940100000001,6
4,1128.49501,1148.4940100000001,6
4,1138.49501,1158.4940100000001,6
4,1148.49501,1168.4940100000001,6
4,1158.49501,1178.4940100000001,6
4,1168.49501,1188.4940100000001,6
4,1178.49501,1198.4940100000001,6
4,1205.24501,1225.2440100000001,11
4,1215.24501,1235.2440100000001,11
4,1225.24501,1245.2440100000001,11
4,1235.24501,1255.2440100000001,11
4,1245.24501,1265.2440100000001,11
4,1255.24501,1275.2440100000001,11
4,1265.24501,1285.2440100000001,11
4,1275.24501,1295.2440100000001,11
4,1285.24501,1305.2440100000001,11
4,1295.24501,1315.2440100000001,11
4,1325.24701,1345.24601,3
4,1335.24701,1355.24601,3
4,1345.24701,1365.24601,3
4,1355.24701,1375.24601,3
4,1365.24701,1385.24601,3
4,1375.24701,1395.24601,3
4,1385.24701,1405.24601,3
4,1395.24701,1415.24601,3
4,1405.24701,1425.24601,3
4,1415.24701,1435.24601,3
4,1443.89701,1463.89601,11
4,1453.89701,1473.89601,11
4,1463.89701,1483.89601,11
4,1473.89701,1493.89601,11
4,1483.89701,1503.89601,11
4,1493.89701,1513.89601,11
4,1503.89701,1523.89601,11
4,1513.89701,1533.89601,11
4,1523.89701,1543.89601,11
4,1533.89701,1553.89601,11
4,1563.89601,1583.89501,5
4,1573.89601,1593.89501,5
4,1583.89601,1603.89501,5
4,1593.89601,1613.89501,5
4,1603.89601,1623.89501,5
4,1613.89601,1633.89501,5
4,1623.89601,1643.89501,5
4,1633.89601,1653.89501,5
4,1643.89601,1663.89501,5
4,1653.89601,1673.89501,5
4,1663.89601,1683.89501,5
4,1673.89601,1693.89501,5
4,1683.89601,1703.89501,5
4,1708.99601,1728.99501,11
4,1718.99601,1738.99501,11
4,1728.99601,1748.99501,11
4,1738.99601,1758.99501,11
4,1748.99601,1768.99501,11
4,1758.99601,1778.99501,11
4,1768.99601,1788.99501,11
4,1778.99601,1798.99501,11
4,1788.99601,1808.99501,11
4,1798.99601,1818.99501,11
4,1828.9940100000001,1848.99301,7
4,1838.9940100000001,1858.99301,7
4,1848.9940100000001,1868.99301,7
4,1858.9940100000001,1878.99301,7
4,1868.9940100000001,1888.99301,7
4,1878.9940100000001,1898.99301,7
4,1888.9940100000001,1908.99301,7
4,1898.9940100000001,1918.99301,7
4,1908.9940100000001,1928.99301,7
4,1918.9940100000001,1938.99301,7
4,1928.9940100000001,1948.99301,7
4,1938.9940100000001,1958.99301,7
4,1948.9940100000001,1968.99301,7
4,1958.9940100000001,1978.99301,7
4,1968.9940100000001,1988.99301,7
4,1978.9940100000001,1998.99301,7
4,1988.9940100000001,2008.99301,7
4,1998.9940100000001,2018.99301,7
4,2025.9940100000001,2045.99301,11
4,2035.9940100000001,2055.99401,11
4,2045.9940100000001,2065.99401,11
4,2055.99501,2075.99401,11
4,2065.99501,2085.99401,11
4,2075.99501,2095.99401,11
4,2085.99501,2105.99401,11
4,2095.99501,2115.99401,11
4,2105.9950099999996,2125.99401,11
4,2115.9950099999996,2135.99401,11
4,2145.99801,2165.9970099999996,1
4,2155.99801,2175.9970099999996,1
4,2165.99801,2185.9970099999996,1
4,2175.99801,2195.9970099999996,1
4,2185.99801,2205.9970099999996,1
4,2195.99801,2215.9970099999996,1
4,2205.99801,2225.9970099999996,1
4,2215.99801,2235.9970099999996,1
4,2225.99801,2245.9970099999996,1
4,2235.99801,2255.9970099999996,1
4,2245.99801,2265.9970099999996,1
4,2255.99801,2275.9970099999996,1
4,2265.99801,2285.9970099999996,1
4,2275.99801,2295.9970099999996,1
4,2285.99801,2305.9970099999996,1
4,2295.99801,2315.9970099999996,1
4,2305.99801,2325.9970099999996,1
4,2331.5980099999997,2351.59701,12
4,2341.5980099999997,2361.59701,12
4,2351.5980099999997,2371.59701,12
4,2361.5980099999997,2381.59701,12
4,2371.5980099999997,2391.59701,12
4,2381.5980099999997,2401.59701,12
4,2391.5980099999997,2411.59701,12
4,2401.5980099999997,2421.59701,12
4,2411.5980099999997,2431.59701,12
4,2421.5980099999997,2441.59701,12
5,0.001,20.0,10
5,10.001,30.0,10
5,20.001,40.0,10
5,30.001,50.0,10
5,40.001,60.0,10
5,50.001,70.0,10
5,60.001,80.0,10
5,70.001,90.0,10
5,80.001,100.0,10
5,101.525,121.524,11
5,111.525,131.524,11
5,121.525,141.524,11
5,131.525,151.524,11
5,141.525,161.524,11
5,151.525,171.524,11
5,161.525,181.524,11
5,171.525,191.524,11
5,181.525,201.524,11
5,191.525,211.524,11
5,221.548,241.547,1
5,231.548,251.547,1
5,241.548,261.547,1
5,251.548,271.547,1
5,261.548,281.547,1
5,271.548,291.547,1
5,281.548,301.547,1
5,291.548,311.547,1
5,301.548,321.547,1
5,311.548,331.547,1
5,321.548,341.547,1
5,331.548,351.547,1
5,341.548,361.547,1
5,351.548,371.547,1
5,361.548,381.547,1
5,371.548,391.547,1
5,381.548,401.547,1
5,407.148,427.147,11
5,417.148,437.147,11
5,427.148,447.147,11
5,437.148,457.147,11
5,447.148,467.147,11
5,457.148,477.147,11
5,467.148,487.147,11
5,477.148,497.147,11
5,487.148,507.147,11
5,497.148,517.147,11
5,527.144,547.143,7
5,537.144,557.143,7
5,547.144,567.143,7
5,557.144,577.143,7
5,567.144,587.143,7
5,577.144,597.143,7
5,587.144,607.143,7
5,597.144,617.143,7
5,607.144,627.143,7
5,617.144,637.143,7
5,627.144,647.143,7
5,637.144,657.143,7
5,647.144,667.143,7
5,657.144,677.143,7
5,667.144,687.143,7
5,677.144,697.143,7
5,687.144,707.143,7
5,697.144,717.143,7
5,724.144,744.143,11
5,734.144,754.143,11
5,744.144,764.143,11
5,754.144,774.143,11
5,764.144,784.143,11
5,774.144,794.143,11
5,784.144,804.143,11
5,794.144,814.143,11
5,804.144,824.143,11
5,814.144,834.143,11
5,844.146,864.145,5
5,854.146,874.145,5
5,864.146,884.145,5
5,874.146,894.145,5
5,884.146,904.145,5
5,894.146,914.145,5
5,904.146,924.145,5
5,914.146,934.145,5
5,924.146,944.145,5
5,934.146,954.145,5
5,944.146,964.145,5
5,954.146,974.145,5
5,964.146,984.145,5
5,989.246,1009.245,11
5,999.246,1019.245,11
5,1009.246,1029.245,11
5,1019.246,1039.245,11
5,1029.246,1049.245,11
5,1039.246,1059.245,11
5,1049.246,1069.245,11
5,1059.246,1079.245,11
5,1069.246,1089.245,11
5,1079.246,1099.245,11
5,1109.247,1129.246,3
5,1119.247,1139.246,3
5,1129.247,1149.246,3
5,1139.247,1159.246,3
5,1149.247,1169.246,3
5,1159.247,1179.246,3
5,1169.247,1189.246,3
5,1179.247,1199.246,3
5,1189.247,1209.246,3
5,1199.247,1219.246,3
5,1227.897,1247.896,11
5,1237.897,1257.896,11
5,1247.897,1267.896,11
5,1257.897,1277.896,11
5,1267.897,1287.896,11
5,1277.897,1297.896,11
5,1287.897,1307.896,11
5,1297.897,1317.896,11
5,1307.897,1327.896,11
5,1317.897,1337.896,11
5,1347.892,1367.891,8
5,1357.892,1377.891,8
5,1367.892,1387.891,8
5,1377.892,1397.891,8
5,1387.892,1407.891,8
5,1397.892,1417.891,8
5,1407.892,1427.891,8
5,1417.892,1437.891,8
5,1427.892,1447.891,8
5,1437.892,1457.891,8
5,1447.892,1467.891,8
5,1457.892,1477.891,8
5,1467.892,1487.891,8
5,1491.642,1511.641,11
5,1501.642,1521.641,11
5,1511.642,1531.641,11
5,1521.642,1541.641,11
5,1531.642,1551.641,11
5,1541.642,1561.641,11
5,1551.642,1571.641,11
5,1561.642,1581.641,11
5,1571.642,1591.641,11
5,1581.642,1601.641,11
5,1611.648,1631.647,2
5,1621.648,1641.647,2
5,1631.648,1651.647,2
5,1641.648,1661.647,2
5,1651.648,1671.647,2
5,1661.648,1681.647,2
5,1671.648,1691.647,2
5,1681.648,1701.647,2
5,1691.648,1711.647,2
5,1701.648,1721.647,2
5,1711.648,1731.647,2
5,1721.648,1741.647,2
5,1731.648,1751.647,2
5,1741.648,1761.647,2
5,1751.648,1771.647,2
5,1761.648,1781.647,2
5,1784.748,1804.747,11
5,1794.748,1814.747,11
5,1804.748,1824.747,11
5,1814.748,1834.747,11
5,1824.748,1844.747,11
5,1834.748,1854.747,11
5,1844.748,1864.747,11
5,1854.748,1874.747,11
5,1864.748,1884.747,11
5,1874.748,1894.747,11
5,1904.747,1924.746,4
5,1914.747,1934.746,4
5,1924.747,1944.746,4
5,1934.747,1954.746,4
5,1944.747,1964.746,4
5,1954.747,1974.746,4
5,1964.747,1984.746,4
5,1974.747,1994.746,4
5,1984.747,2004.746,4
5,1994.747,2014.746,4
5,2004.747,2024.746,4
5,2014.747,2034.746,4
5,2024.747,2044.746,4
5,2034.747,2054.747,4
5,2044.747,2064.747,4
5,2064.847,2084.846,11
5,2074.847,2094.846,11
5,2084.847,2104.846,11
5,2094.847,2114.846,11
5,2104.847,2124.846,11
5,2114.847,2134.846,11
5,2124.847,2144.846,11
5,2134.847,2154.846,11
5,2144.847,2164.846,11
5,2154.847,2174.846,11
5,2184.846,2204.845,6
5,2194.846,2214.845,6
5,2204.846,2224.845,6
5,2214.846,2234.845,6
5,2224.846,2244.845,6
5,2234.846,2254.845,6
5,2244.846,2264.845,6
5,2254.846,2274.845,6
5,2264.846,2284.845,6
5,2274.846,2294.845,6
5,2284.846,2304.845,6
5,2294.846,2314.845,6
5,2304.846,2324.845,6
5,2331.596,2351.595,12
5,2341.596,2361.595,12
5,2351.596,2371.595,12
5,2361.596,2381.595,12
5,2371.596,2391.595,12
5,2381.596,2401.595,12
5,2391.596,2411.595,12
5,2401.596,2421.595,12
5,2411.596,2431.595,12
5,2421.596,2441.595,12
6,0.00101,20.001009999999997,10
6,10.00101,30.001009999999997,10
6,20.00201,40.00001,10
6,30.00201,50.00001,10
6,40.00101,60.00001,10
6,50.00101,70.00101,10
6,60.00101,80.00101,10
6,70.00201,90.00101,10
6,80.00201,100.00101,10
6,101.52501,121.52400999999999,11
6,111.52501,131.52401,11
6,121.52501,141.52401,11
6,131.52501,151.52401,11
6,141.52501,161.52401,11
6,151.52501,171.52401,11
6,161.52501,181.52401,11
6,171.52501,191.52401,11
6,181.52501,201.52401,11
6,191.52501,211.52401,11
6,221.54501000000002,241.54401000000001,6
6,231.54501000000002,251.54401000000001,6
6,241.54501000000002,261.54501,6
6,251.54501000000002,271.54501,6
6,261.54601,281.54501,6
6,271.54601,291.54501,6
6,281.54601,301.54501,6
6,291.54601,311.54501,6
6,301.54601,321.54501,6
6,311.54601,331.54501,6
6,321.54601,341.54501,6
6,331.54601,351.54501,6
6,341.54601,361.54501,6
6,368.29501,388.29401,11
6,378.29501,398.29401,11
6,388.29501,408.29401,11
6,398.29501,418.29401,11
6,408.29501,428.29401,11
6,418.29501,438.29401,11
6,428.29501,448.29401,11
6,438.29501,458.29401,11
6,448.29501,468.29401,11
6,458.29501,478.29401,11
6,488.29201,508.29101,8
6,498.29201,518.29101,8
6,508.29201,528.29101,8
6,518.29201,538.29101,8
6,528.29201,548.29101,8
6,538.29201,558.29101,8
6,548.29201,568.29101,8
6,558.29201,578.29101,8
6,568.29201,588.29101,8
6,578.29201,598.29101,8
6,588.29201,608.29101,8
6,598.29201,618.29101,8
6,608.29201,628.29101,8
6,632.04201,652.04101,11
6,642.04201,662.04101,11
6,652.04201,672.04101,11
6,662.04201,682.04101,11
6,672.04201,692.04101,11
6,682.04201,702.04101,11
6,692.04201,712.04101,11
6,702.04201,722.04101,11
6,712.04201,732.04101,11
6,722.04201,742.04101,11
6,752.04701,772.04601,4
6,762.04701,782.04601,4
6,772.04701,792.04601,4
6,782.04701,802.04601,4
6,792.04701,812.04601,4
6,802.04701,822.04601,4
6,812.04701,832.04601,4
6,822.04701,842.04601,4
6,832.04701,852.04601,4
6,842.04701,862.04601,4
6,852.04701,872.04601,4
6,862.04701,882.04601,4
6,872.04701,892.04601,4
6,882.04701,902.04601,4
6,892.04701,912.04601,4
6,912.14701,932.14601,11
6,922.14701,942.14601,11
6,932.14701,952.14601,11
6,942.14701,962.14601,11
6,952.14701,972.14601,11
6,962.14701,982.14601,11
6,972.14701,992.14601,11
6,982.14701,1002.14601,11
6,992.14701,1012.14601,11
6,1002.14701,1022.14601,11
6,1032.14801,1052.14701,2
6,1042.14801,1062.14701,2
6,1052.14801,1072.14701,2
6,1062.14801,1082.14701,2
6,1072.14801,1092.14701,2
6,1082.14801,1102.14701,2
6,1092.14801,1112.14701,2
6,1102.14801,1122.14701,2
6,1112.14801,1132.14701,2
6,1122.14801,1142.14701,2
6,1132.14801,1152.14701,2
6,1142.14801,1162.14701,2
6,1152.14801,1172.14701,2
6,1162.14801,1182.14701,2
6,1172.14801,1192.14701,2
6,1182.14801,1202.14701,2
6,1205.24801,1225.24701,11
6,1215.24801,1235.24701,11
6,1225.24801,1245.24701,11
6,1235.24801,1255.24701,11
6,1245.24801,1265.24701,11
6,1255.24801,1275.24701,11
6,1265.24801,1285.24701,11
6,1275.24801,1295.24701,11
6,1285.24801,1305.24701,11
6,1295.24801,1315.24701,11
6,1325.2440100000001,1345.24301,7
6,1335.2440100000001,1355.24301,7
6,1345.2440100000001,1365.24301,7
6,1355.2440100000001,1375.24301,7
6,1365.2440100000001,1385.24301,7
6,1375.2440100000001,1395.24301,7
6,1385.2440100000001,1405.24301,7
6,1395.2440100000001,1415.24301,7
6,1405.2440100000001,1425.24301,7
6,1415.2440100000001,1435.24301,7
6,1425.2440100000001,1445.24301,7
6,1435.2440100000001,1455.24301,7
6,1445.2440100000001,1465.24301,7
6,1455.2440100000001,1475.24301,7
6,1465.2440100000001,1485.24301,7
6,1475.2440100000001,1495.24301,7
6,1485.2440100000001,1505.24301,7
6,1495.2440100000001,1515.24301,7
6,1522.2440100000001,1542.24301,11
6,1532.2440100000001,1552.24301,11
6,1542.2440100000001,1562.24301,11
6,1552.2440100000001,1572.24301,11
6,1562.2440100000001,1582.24301,11
6,1572.2440100000001,1592.24301,11
6,1582.2440100000001,1602.24301,11
6,1592.2440100000001,1612.24301,11
6,1602.2440100000001,1622.24301,11
6,1612.2440100000001,1632.24301,11
6,1642.24701,1662.24601,3
6,1652.24701,1672.24601,3
6,1662.24701,1682.24601,3
6,1672.24701,1692.24601,3
6,1682.24701,1702.24601,3
6,1692.24701,1712.24601,3
6,1702.24701,1722.24601,3
6,1712.24701,1732.24601,3
6,1722.24701,1742.24601,3
6,1732.24701,1752.24601,3
6,1760.89701,1780.89601,11
6,1770.89701,1790.89601,11
6,1780.89701,1800.89601,11
6,1790.89701,1810.89601,11
6,1800.89701,1820.89601,11
6,1810.89701,1830.89601,11
6,1820.89701,1840.89601,11
6,1830.89701,1850.89601,11
6,1840.89701,1860.89601,11
6,1850.89701,1870.89601,11
6,1880.89601,1900.89501,5
6,1890.89601,1910.89501,5
6,1900.89601,1920.89501,5
6,1910.89601,1930.89501,5
6,1920.89601,1940.89501,5
6,1930.89601,1950.89501,5
6,1940.89601,1960.89501,5
6,1950.89601,1970.89501,5
6,1960.89601,1980.89501,5
6,1970.89601,1990.89501,5
6,1980.89601,2000.89501,5
6,1990.89601,2010.89501,5
6,2000.89601,2020.89501,5
6,2025.99601,2045.99501,11
6,2035.99601,2055.99501,11
6,2045.99601,2065.99501,11
6,2055.99601,2075.99501,11
6,2065.99601,2085.99501,11
6,2075.99601,2095.99501,11
6,2085.99601,2105.9950099999996,11
6,2095.99601,2115.9950099999996,11
6,2105.99601,2125.9950099999996,11
6,2115.99601,2135.9950099999996,11
6,2145.99801,2165.9970099999996,1
6,2155.99801,2175.9970099999996,1
6,2165.99801,2185.9970099999996,1
6,2175.99801,2195.9970099999996,1
6,2185.99801,2205.9970099999996,1
6,2195.99801,2215.9970099999996,1
6,2205.99801,2225.9970099999996,1
6,2215.99801,2235.9970099999996,1
6,2225.99801,2245.9970099999996,1
6,2235.99801,2255.9970099999996,1
6,2245.99801,2265.9970099999996,1
6,2255.99801,2275.9970099999996,1
6,2265.99801,2285.9970099999996,1
6,2275.99801,2295.9970099999996,1
6,2285.99801,2305.9970099999996,1
6,2295.99801,2315.9970099999996,1
6,2305.99801,2325.9970099999996,1
6,2331.5980099999997,2351.59701,12
6,2341.5980099999997,2361.59701,12
6,2351.5980099999997,2371.59701,12
6,2361.5980099999997,2381.59701,12
6,2371.5980099999997,2391.59701,12
6,2381.5980099999997,2401.59701,12
6,2391.5980099999997,2411.59701,12
6,2401.5980099999997,2421.59701,12
6,2411.5980099999997,2431.59701,12
6,2421.5980099999997,2441.59701,12
7,0.00101,20.001009999999997,10
7,10.00101,30.001009999999997,10
7,20.00201,40.00001,10
7,30.00201,50.00001,10
7,40.00101,60.00001,10
7,50.00101,70.00101,10
7,60.00101,80.00101,10
7,70.00201,90.00101,10
7,80.00201,100.00101,10
7,101.52501,121.52400999999999,11
7,111.52501,131.52401,11
7,121.52501,141.52401,11
7,131.52501,151.52401,11
7,141.52501,161.52401,11
7,151.52501,171.52401,11
7,161.52501,181.52401,11
7,171.52501,191.52401,11
7,181.52501,201.52401,11
7,191.52501,211.52401,11
7,221.54601,241.54501000000002,5
7,231.54601,251.54501000000002,5
7,241.54601,261.54501,5
7,251.54601,271.54501,5
7,261.54601,281.54501,5
7,271.54601,291.54501,5
7,281.54601,301.54501,5
7,291.54601,311.54501,5
7,301.54601,321.54501,5
7,311.54601,331.54501,5
7,321.54601,341.54501,5
7,331.54601,351.54501,5
7,341.54601,361.54501,5
7,366.64601,386.64501,11
7,376.64601,396.64501,11
7,386.64601,406.64501,11
7,396.64601,416.64501,11
7,406.64601,426.64501,11
7,416.64601,436.64501,11
7,426.64601,446.64501,11
7,436.64601,456.64501,11
7,446.64601,466.64501,11
7,456.64601,476.64501,11
7,486.64701,506.64601,3
7,496.64701,516.64601,3
7,506.64701,526.64601,3
7,516.64701,536.64601,3
7,526.64701,546.64601,3
7,536.64701,556.64601,3
7,546.64701,566.64601,3
7,556.64701,576.64601,3
7,566.64701,586.64601,3
7,576.64701,596.64601,3
7,605.29701,625.29601,11
7,615.29701,635.29601,11
7,625.29701,645.29601,11
7,635.29701,655.29601,11
7,645.29701,665.29601,11
7,655.29701,675.29601,11
7,665.29701,685.29601,11
7,675.29701,695.29601,11
7,685.29701,705.29601,11
7,695.29701,715.29601,11
7,725.29401,745.29301,7
7,735.29401,755.29301,7
7,745.29401,765.29301,7
7,755.29401,775.29301,7
7,765.29401,785.29301,7
7,775.29401,795.29301,7
7,785.29401,805.29301,7
7,795.29401,815.29301,7
7,805.29401,825.29301,7
7,815.29401,835.29301,7
7,825.29401,845.29301,7
7,835.29401,855.29301,7
7,845.29401,865.29301,7
7,855.29401,875.29301,7
7,865.29401,885.29301,7
7,875.29401,895.29301,7
7,885.29401,905.29301,7
7,895.29401,915.29301,7
7,922.29401,942.29301,11
7,932.29401,952.29301,11
7,942.29401,962.29301,11
7,952.29401,972.29301,11
7,962.29401,982.29301,11
7,972.29401,992.29301,11
7,982.29401,1002.29301,11
7,992.29401,1012.29301,11
7,1002.29401,1022.29301,11
7,1012.29401,1032.29301,11
7,1042.29801,1062.29701,1
7,1052.29801,1072.29701,1
7,1062.29801,1082.29701,1
7,1072.29801,1092.29701,1
7,1082.29801,1102.29701,1
7,1092.29801,1112.29701,1
7,1102.29801,1122.29701,1
7,1112.29801,1132.29701,1
7,1122.29801,1142.29701,1
7,1132.29801,1152.29701,1
7,1142.29801,1162.29701,1
7,1152.29801,1172.29701,1
7,1162.29801,1182.29701,1
7,1172.29801,1192.29701,1
7,1182.29801,1202.29701,1
7,1192.29801,1212.29701,1
7,1202.29801,1222.29701,1
7,1227.89801,1247.89701,11
7,1237.89801,1257.89701,11
7,1247.89801,1267.89701,11
7,1257.89801,1277.89701,11
7,1267.89801,1287.89701,11
7,1277.89801,1297.89701,11
7,1287.89801,1307.89701,11
7,1297.89801,1317.89701,11
7,1307.89801,1327.89701,11
7,1317.89801,1337.89701,11
7,1347.89701,1367.89601,4
7,1357.89701,1377.89601,4
7,1367.89701,1387.89601,4
7,1377.89701,1397.89601,4
7,1387.89701,1407.89601,4
7,1397.89701,1417.89601,4
7,1407.89701,1427.89601,4
7,1417.89701,1437.89601,4
7,1427.89701,1447.89601,4
7,1437.89701,1457.89601,4
7,1447.89701,1467.89601,4
7,1457.89701,1477.89601,4
7,1467.89701,1487.89601,4
7,1477.89701,1497.89601,4
7,1487.89701,1507.89601,4
7,1507.99701,1527.99601,11
7,1517.99701,1537.99601,11
7,1527.99701,1547.99601,11
7,1537.99701,1557.99601,11
7,1547.99701,1567.99601,11
7,1557.99701,1577.99601,11
7,1567.99701,1587.99601,11
7,1577.99701,1597.99601,11
7,1587.99701,1607.99601,11
7,1597.99701,1617.99601,11
7,1627.99801,1647.99701,2
7,1637.99801,1657.99701,2
7,1647.99801,1667.99701,2
7,1657.99801,1677.99701,2
7,1667.99801,1687.99701,2
7,1677.99801,1697.99701,2
7,1687.99801,1707.99701,2
7,1697.99801,1717.99701,2
7,1707.99801,1727.99701,2
7,1717.99801,1737.99701,2
7,1727.99801,1747.99701,2
7,1737.99801,1757.99701,2
7,1747.99801,1767.99701,2
7,1757.99801,1777.99701,2
7,1767.99801,1787.99701,2
7,1777.99801,1797.99701,2
7,1801.09801,1821.09701,11
7,1811.09801,1831.09701,11
7,1821.09801,1841.09701,11
7,1831.09801,1851.09701,11
7,1841.09801,1861.09701,11
7,1851.09801,1871.09701,11
7,1861.09801,1881.09701,11
7,1871.09801,1891.09701,11
7,1881.09801,1901.09701,11
7,1891.09801,1911.09701,11
7,1921.09201,1941.09101,8
7,1931.09201,1951.09101,8
7,1941.09201,1961.09101,8
7,1951.09201,1971.09101,8
7,1961.09201,1981.09101,8
7,1971.09201,1991.09101,8
7,1981.09201,2001.09101,8
7,1991.09201,2011.09101,8
7,2001.09201,2021.09101,8
7,2011.09201,2031.09101,8
7,2021.09201,2041.09101,8
7,2031.09201,2051.09201,8
7,2041.09201,2061.09201,8
7,2064.84201,2084.84101,11
7,2074.84201,2094.84101,11
7,2084.84201,2104.8410099999996,11
7,2094.84201,2114.8410099999996,11
7,2104.84201,2124.8410099999996,11
7,2114.84201,2134.8410099999996,11
7,2124.84201,2144.8410099999996,11
7,2134.84201,2154.8410099999996,11
7,2144.84201,2164.8410099999996,11
7,2154.84201,2174.8410099999996,11
7,2184.84501,2204.84401,6
7,2194.84501,2214.84401,6
7,2204.84501,2224.84401,6
7,2214.84501,2234.84401,6
7,2224.84501,2244.84401,6
7,2234.84501,2254.84401,6
7,2244.84501,2264.84401,6
7,2254.84501,2274.84401,6
7,2264.84501,2284.84401,6
7,2274.84501,2294.84401,6
7,2284.84501,2304.84401,6
7,2294.84501,2314.84401,6
7,2304.84501,2324.84401,6
7,2331.5960099999998,2351.59501,12
7,2341.5960099999998,2361.59501,12
7,2351.5960099999998,2371.59501,12
7,2361.5960099999998,2381.59501,12
7,2371.5960099999998,2391.59501,12
7,2381.5960099999998,2401.59501,12
7,2391.5960099999998,2411.59501,12
7,2401.5960099999998,2421.59501,12
7,2411.5960099999998,2431.59501,12
7,2421.5960099999998,2441.59501,12
8,0.0030099999999999997,20.00201,10
8,10.00301,30.00201,10
8,20.00301,40.00201,10
8,30.00301,50.00201,10
8,40.00301,60.00201,10
8,50.00301,70.00300999999999,10
8,60.00301,80.00300999999999,10
8,70.00401,90.00300999999999,10
8,80.00401,100.00300999999999,10
8,101.52501,121.52400999999999,11
8,111.52501,131.52401,11
8,121.52501,141.52401,11
8,131.52501,151.52401,11
8,141.52501,161.52401,11
8,151.52501,171.52401,11
8,161.52501,181.52401,11
8,171.52501,191.52401,11
8,181.52501,201.52401,11
8,191.52501,211.52401,11
8,221.54701,241.54601,3
8,231.54701,251.54601,3
8,241.54701,261.54601,3
8,251.54701,271.54601,3
8,261.54701,281.54601,3
8,271.54701,291.54601,3
8,281.54701,301.54601,3
8,291.54701,311.54601,3
8,301.54701,321.54601,3
8,311.54701,331.54601,3
8,340.19701000000003,360.19601,11
8,350.19701000000003,370.19601,11
8,360.19701000000003,380.19601,11
8,370.19701000000003,390.19601,11
8,380.19701000000003,400.19601,11
8,390.19701000000003,410.19601,11
8,400.19701000000003,420.19601,11
8,410.19701000000003,430.19601,11
8,420.19701000000003,440.19601,11
8,430.19701000000003,450.19601,11
8,460.19601,480.19501,5
8,470.19601,490.19501,5
8,480.19601,500.19501,5
8,490.19601,510.19501,5
8,500.19601,520.19501,5
8,510.19601,530.19501,5
8,520.19601,540.19501,5
8,530.19601,550.19501,5
8,540.19601,560.19501,5
8,550.19601,570.19501,5
8,560.19601,580.19501,5
8,570.19601,590.19501,5
8,580.19601,600.19501,5
8,605.29601,625.29501,11
8,615.29601,635.29501,11
8,625.29601,645.29501,11
8,635.29601,655.29501,11
8,645.29601,665.29501,11
8,655.29601,675.29501,11
8,665.29601,685.29501,11
8,675.29601,695.29501,11
8,685.29601,705.29501,11
8,695.29601,715.29501,11
8,725.29801,745.29701,1
8,735.29801,755.29701,1
8,745.29801,765.29701,1
8,755.29801,775.29701,1
8,765.29801,785.29701,1
8,775.29801,795.29701,1
8,785.29801,805.29701,1
8,795.29801,815.29701,1
8,805.29801,825.29701,1
8,815.29801,835.29701,1
8,825.29801,845.29701,1
8,835.29801,855.29701,1
8,845.29801,865.29701,1
8,855.29801,875.29701,1
8,865.29801,885.29701,1
8,875.29801,895.29701,1
8,885.29801,905.29701,1
8,910.89801,930.89701,11
8,920.89801,940.89701,11
8,930.89801,950.89701,11
8,940.89801,960.89701,11
8,950.89801,970.89701,11
8,960.89801,980.89701,11
8,970.89801,990.89701,11
8,980.89801,1000.89701,11
8,990.89801,1010.89701,11
8,1000.89801,1020.89701,11
8,1030.89401,1050.89301,7
8,1040.89401,1060.89301,7
8,1050.89401,1070.89301,7
8,1060.89401,1080.89301,7
8,1070.89401,1090.89301,7
8,1080.89401,1100.89301,7
8,1090.89401,1110.89301,7
8,1100.89401,1120.89301,7
8,1110.89401,1130.89301,7
8,1120.89401,1140.89301,7
8,1130.89401,1150.89301,7
8,1140.89401,1160.89301,7
8,1150.89401,1170.89301,7
8,1160.89401,1180.89301,7
8,1170.89401,1190.89301,7
8,1180.89401,1200.89301,7
8,1190.89401,1210.89301,7
8,1200.89401,1220.89301,7
8,1227.89401,1247.89301,11
8,1237.89401,1257.89301,11
8,1247.89401,1267.89301,11
8,1257.89401,1277.89301,11
8,1267.89401,1287.89301,11
8,1277.89401,1297.89301,11
8,1287.89401,1307.89301,11
8,1297.89401,1317.89301,11
8,1307.89401,1327.89301,11
8,1317.89401,1337.89301,11
8,1347.89701,1367.89601,4
8,1357.89701,1377.89601,4
8,1367.89701,1387.89601,4
8,1377.89701,1397.89601,4
8,1387.89701,1407.89601,4
8,1397.89701,1417.89601,4
8,1407.89701,1427.89601,4
8,1417.89701,1437.89601,4
8,1427.89701,1447.89601,4
8,1437.89701,1457.89601,4
8,1447.89701,1467.89601,4
8,1457.89701,1477.89601,4
8,1467.89701,1487.89601,4
8,1477.89701,1497.89601,4
8,1487.89701,1507.89601,4
8,1507.99701,1527.99601,11
8,1517.99701,1537.99601,11
8,1527.99701,1547.99601,11
8,1537.99701,1557.99601,11
8,1547.99701,1567.99601,11
8,1557.99701,1577.99601,11
8,1567.99701,1587.99601,11
8,1577.99701,1597.99601,11
8,1587.99701,1607.99601,11
8,1597.99701,1617.99601,11
8,1627.99801,1647.99701,2
8,1637.99801,1657.99701,2
8,1647.99801,1667.99701,2
8,1657.99801,1677.99701,2
8,1667.99801,1687.99701,2
8,1677.99801,1697.99701,2
8,1687.99801,1707.99701,2
8,1697.99801,1717.99701,2
8,1707.99801,1727.99701,2
8,1717.99801,1737.99701,2
8,1727.99801,1747.99701,2
8,1737.99801,1757.99701,2
8,1747.99801,1767.99701,2
8,1757.99801,1777.99701,2
8,1767.99801,1787.99701,2
8,1777.99801,1797.99701,2
8,1801.09801,1821.09701,11
8,1811.09801,1831.09701,11
8,1821.09801,1841.09701,11
8,1831.09801,1851.09701,11
8,1841.09801,1861.09701,11
8,1851.09801,1871.09701,11
8,1861.09801,1881.09701,11
8,1871.09801,1891.09701,11
8,1881.09801,1901.09701,11
8,1891.09801,1911.09701,11
8,1921.09501,1941.09401,6
8,1931.09501,1951.09401,6
8,1941.09501,1961.09401,6
8,1951.09501,1971.09401,6
8,1961.09501,1981.09401,6
8,1971.09501,1991.09401,6
8,1981.09501,2001.09401,6
8,1991.09501,2011.09401,6
8,2001.09501,2021.09401,6
8,2011.09501,2031.09401,6
8,2021.09501,2041.09401,6
8,2031.09501,2051.09401,6
8,2041.09501,2061.09401,6
8,2067.84501,2087.84401,11
8,2077.84501,2097.84401,11
8,2087.84501,2107.84401,11
8,2097.84501,2117.84401,11
8,2107.84501,2127.84401,11
8,2117.84501,2137.84401,11
8,2127.84501,2147.84401,11
8,2137.84501,2157.84401,11
8,2147.84501,2167.84401,11
8,2157.84501,2177.84401,11
8,2187.84201,2207.8410099999996,8
8,2197.84201,2217.8410099999996,8
8,2207.84201,2227.8410099999996,8
8,2217.84201,2237.8410099999996,8
8,2227.84201,2247.8410099999996,8
8,2237.84201,2257.8410099999996,8
8,2247.84201,2267.8410099999996,8
8,2257.84201,2277.8410099999996,8
8,2267.84201,2287.8410099999996,8
8,2277.84201,2297.8410099999996,8
8,2287.84201,2307.8410099999996,8
8,2297.84201,2317.8410099999996,8
8,2307.84201,2327.8410099999996,8
8,2331.59401,2351.5930099999996,12
8,2341.59401,2361.5930099999996,12
8,2351.59401,2371.5930099999996,12
8,2361.59401,2381.5930099999996,12
8,2371.59401,2391.5930099999996,12
8,2381.59401,2401.5930099999996,12
8,2391.59401,2411.5930099999996,12
8,2401.59401,2421.5930099999996,12
8,2411.59401,2431.5930099999996,12
8,2421.59401,2441.5930099999996,12
9,0.0020099999999999996,20.001009999999997,10
9,10.00201,30.001009999999997,10
9,20.00201,40.00101,10
9,30.00201,50.00101,10
9,40.00201,60.00101,10
9,50.00201,70.00101,10
9,60.00201,80.00101,10
9,70.00201,90.00101,10
9,80.00201,100.00101,10
9,101.52501,121.52400999999999,11
9,111.52501,131.52401,11
9,121.52501,141.52401,11
9,131.52501,151.52401,11
9,141.52501,161.52401,11
9,151.52501,171.52401,11
9,161.52501,181.52401,11
9,171.52501,191.52401,11
9,181.52501,201.52401,11
9,191.52501,211.52401,11
9,221.54801,241.54701,2
9,231.54801,251.54701,2
9,241.54801,261.54701,2
9,251.54801,271.54701,2
9,261.54801000000003,281.54701,2
9,271.54801000000003,291.54701,2
9,281.54801000000003,301.54701,2
9,291.54801000000003,311.54701,2
9,301.54801000000003,321.54701,2
9,311.54801000000003,331.54701,2
9,321.54801000000003,341.54701,2
9,331.54801000000003,351.54701,2
9,341.54801000000003,361.54701,2
9,351.54801000000003,371.54701,2
9,361.54801000000003,381.54701,2
9,371.54801000000003,391.54701,2
9,394.64801,414.64701,11
9,404.64801,424.64701,11
9,414.64801,434.64701,11
9,424.64801,444.64701,11
9,434.64801,454.64701,11
9,444.64801,464.64701,11
9,454.64801,474.64701,11
9,464.64801,484.64701,11
9,474.64801,494.64701,11
9,484.64801,504.64701,11
9,514.64701,534.64601,4
9,524.64701,544.64601,4
9,534.64701,554.64601,4
9,544.64701,564.64601,4
9,554.64701,574.64601,4
9,564.64701,584.64601,4
9,574.64701,594.64601,4
9,584.64701,604.64601,4
9,594.64701,614.64601,4
9,604.64701,624.64601,4
9,614.64701,634.64601,4
9,624.64701,644.64601,4
9,634.64701,654.64601,4
9,644.64701,664.64601,4
9,654.64701,674.64601,4
9,674.74701,694.74601,11
9,684.74701,704.74601,11
9,694.74701,714.74601,11
9,704.74701,724.74601,11
9,714.74701,734.74601,11
9,724.74701,744.74601,11
9,734.74701,754.74601,11
9,744.74701,764.74601,11
9,754.74701,774.74601,11
9,764.74701,784.74601,11
9,794.74501,814.74401,6
9,804.74501,824.74401,6
9,814.74501,834.74401,6
9,824.74501,844.74401,6
9,834.74501,854.74401,6
9,844.74501,864.74401,6
9,854.74501,874.74401,6
9,864.74501,884.74401,6
9,874.74501,894.74401,6
9,884.74501,904.74401,6
9,894.74501,914.74401,6
9,904.74501,924.74401,6
9,914.74501,934.74401,6
9,941.49501,961.49401,11
9,951.49501,971.49401,11
9,961.49501,981.49401,11
9,971.49501,991.49401,11
9,981.49501,1001.49401,11
9,991.49501,1011.49401,11
9,1001.49501,1021.49401,11
9,1011.49501,1031.4940100000001,11
9,1021.49501,1041.4940100000001,11
9,1031.49501,1051.4940100000001,11
9,1061.49201,1081.49101,8
9,1071.49201,1091.49101,8
9,1081.49201,1101.49101,8
9,1091.49201,1111.49101,8
9,1101.49201,1121.49101,8
9,1111.49201,1131.49101,8
9,1121.49201,1141.49101,8
9,1131.49201,1151.49101,8
9,1141.49201,1161.49101,8
9,1151.49201,1171.49101,8
9,1161.49201,1181.49101,8
9,1171.49201,1191.49101,8
9,1181.49201,1201.49101,8
9,1205.24201,1225.24101,11
9,1215.24201,1235.24101,11
9,1225.24201,1245.24101,11
9,1235.24201,1255.24101,11
9,1245.24201,1265.24101,11
9,1255.24201,1275.24101,11
9,1265.24201,1285.24101,11
9,1275.24201,1295.24101,11
9,1285.24201,1305.24101,11
9,1295.24201,1315.24101,11
9,1325.24701,1345.24601,3
9,1335.24701,1355.24601,3
9,1345.24701,1365.24601,3
9,1355.24701,1375.24601,3
9,1365.24701,1385.24601,3
9,1375.24701,1395.24601,3
9,1385.24701,1405.24601,3
9,1395.24701,1415.24601,3
9,1405.24701,1425.24601,3
9,1415.24701,1435.24601,3
9,1443.89701,1463.89601,11
9,1453.89701,1473.89601,11
9,1463.89701,1483.89601,11
9,1473.89701,1493.89601,11
9,1483.89701,1503.89601,11
9,1493.89701,1513.89601,11
9,1503.89701,1523.89601,11
9,1513.89701,1533.89601,11
9,1523.89701,1543.89601,11
9,1533.89701,1553.89601,11
9,1563.89601,1583.89501,5
9,1573.89601,1593.89501,5
9,1583.89601,1603.89501,5
9,1593.89601,1613.89501,5
9,1603.89601,1623.89501,5
9,1613.89601,1633.89501,5
9,1623.89601,1643.89501,5
9,1633.89601,1653.89501,5
9,1643.89601,1663.89501,5
9,1653.89601,1673.89501,5
9,1663.89601,1683.89501,5
9,1673.89601,1693.89501,5
9,1683.89601,1703.89501,5
9,1708.99601,1728.99501,11
9,1718.99601,1738.99501,11
9,1728.99601,1748.99501,11
9,1738.99601,1758.99501,11
9,1748.99601,1768.99501,11
9,1758.99601,1778.99501,11
9,1768.99601,1788.99501,11
9,1778.99601,1798.99501,11
9,1788.99601,1808.99501,11
9,1798.99601,1818.99501,11
9,1828.99801,1848.99701,1
9,1838.99801,1858.99701,1
9,1848.99801,1868.99701,1
9,1858.99801,1878.99701,1
9,1868.99801,1888.99701,1
9,1878.99801,1898.99701,1
9,1888.99801,1908.99701,1
9,1898.99801,1918.99701,1
9,1908.99801,1928.99701,1
9,1918.99801,1938.99701,1
9,1928.99801,1948.99701,1
9,1938.99801,1958.99701,1
9,1948.99801,1968.99701,1
9,1958.99801,1978.99701,1
9,1968.99801,1988.99701,1
9,1978.99801,1998.99701,1
9,1988.99801,2008.99701,1
9,2014.59801,2034.59701,11
9,2024.59801,2044.59701,11
9,2034.59801,2054.59701,11
9,2044.59801,2064.59701,11
9,2054.59801,2074.59701,11
9,2064.59801,2084.59701,11
9,2074.59801,2094.59701,11
9,2084.59801,2104.59701,11
9,2094.59801,2114.59701,11
9,2104.5980099999997,2124.59701,11
9,2134.59401,2154.5930099999996,7
9,2144.59401,2164.5930099999996,7
9,2154.59401,2174.5930099999996,7
9,2164.59401,2184.5930099999996,7
9,2174.59401,2194.5930099999996,7
9,2184.59401,2204.5930099999996,7
9,2194.59401,2214.5930099999996,7
9,2204.59401,2224.5930099999996,7
9,2214.59401,2234.5930099999996,7
9,2224.59401,2244.5930099999996,7
9,2234.59401,2254.5930099999996,7
9,2244.59401,2264.5930099999996,7
9,2254.59401,2274.5930099999996,7
9,2264.59401,2284.5930099999996,7
9,2274.59401,2294.5930099999996,7
9,2284.59401,2304.5930099999996,7
9,2294.59401,2314.5930099999996,7
9,2304.59401,2324.5930099999996,7
9,2331.59501,2351.59401,12
9,2341.59501,2361.59401,12
9,2351.59501,2371.59401,12
9,2361.59501,2381.59401,12
9,2371.59501,2391.59401,12
9,2381.59501,2401.59401,12
9,2391.59501,2411.59401,12
9,2401.59501,2421.59401,12
9,2411.59501,2431.59401,12
9,2421.59501,2441.59401,12
10,0.0020099999999999996,20.001009999999997,10
10,10.00201,30.001009999999997,10
10,20.00201,40.00101,10
10,30.00201,50.00101,10
10,40.00201,60.00101,10
10,50.00201,70.00101,10
10,60.00201,80.00101,10
10,70.00201,90.00101,10
10,80.00201,100.00101,10
10,101.52501,121.52400999999999,11
10,111.52501,131.52401,11
10,121.52501,141.52401,11
10,131.52501,151.52401,11
10,141.52501,161.52401,11
10,151.52501,171.52401,11
10,161.52501,181.52401,11
10,171.52501,191.52401,11
10,181.52501,201.52401,11
10,191.52501,211.52401,11
10,221.54201,241.54101,8
10,231.54201,251.54101,8
10,241.54201,261.54101,8
10,251.54201,271.54101,8
10,261.54201,281.54101,8
10,271.54201,291.54101,8
10,281.54201,301.54101,8
10,291.54201,311.54101,8
10,301.54201,321.54101,8
10,311.54201,331.54101,8
10,321.54201,341.54101,8
10,331.54201,351.54101,8
10,341.54201,361.54101,8
10,365.29201,385.29101,11
10,375.29201,395.29101,11
10,385.29201,405.29101,11
10,395.29201,415.29101,11
10,405.29201,425.29101,11
10,415.29201,435.29101,11
10,425.29201,445.29101,11
10,435.29201,455.29101,11
10,445.29201,465.29101,11
10,455.29201,475.29101,11
10,485.29501,505.29401,6
10,495.29501,515.29401,6
10,505.29501,525.29401,6
10,515.29501,535.29401,6
10,525.29501,545.29401,6
10,535.29501,555.29401,6
10,545.29501,565.29401,6
10,555.29501,575.29401,6
10,565.29501,585.29401,6
10,575.29501,595.29401,6
10,585.29501,605.29401,6
10,595.29501,615.29401,6
10,605.29501,625.29401,6
10,632.04501,652.04401,11
10,642.04501,662.04401,11
10,652.04501,672.04401,11
10,662.04501,682.04401,11
10,672.04501,692.04401,11
10,682.04501,702.04401,11
10,692.04501,712.04401,11
10,702.04501,722.04401,11
10,712.04501,732.04401,11
10,722.04501,742.04401,11
10,752.04701,772.04601,4
10,762.04701,782.04601,4
10,772.04701,792.04601,4
10,782.04701,802.04601,4
10,792.04701,812.04601,4
10,802.04701,822.04601,4
10,812.04701,832.04601,4
10,822.04701,842.04601,4
10,832.04701,852.04601,4
10,842.04701,862.04601,4
10,852.04701,872.04601,4
10,862.04701,882.04601,4
10,872.04701,892.04601,4
10,882.04701,902.04601,4
10,892.04701,912.04601,4
10,912.14701,932.14601,11
10,922.14701,942.14601,11
10,932.14701,952.14601,11
10,942.14701,962.14601,11
10,952.14701,972.14601,11
10,962.14701,982.14601,11
10,972.14701,992.14601,11
10,982.14701,1002.14601,11
10,992.14701,1012.14601,11
10,1002.14701,1022.14601,11
10,1032.14801,1052.14701,2
10,1042.14801,1062.14701,2
10,1052.14801,1072.14701,2
10,1062.14801,1082.14701,2
10,1072.14801,1092.14701,2
10,1082.14801,1102.14701,2
10,1092.14801,1112.14701,2
10,1102.14801,1122.14701,2
10,1112.14801,1132.14701,2
10,1122.14801,1142.14701,2
10,1132.14801,1152.14701,2
10,1142.14801,1162.14701,2
10,1152.14801,1172.14701,2
10,1162.14801,1182.14701,2
10,1172.14801,1192.14701,2
10,1182.14801,1202.14701,2
10,1205.24801,1225.24701,11
10,1215.24801,1235.24701,11
10,1225.24801,1245.24701,11
10,1235.24801,1255.24701,11
10,1245.24801,1265.24701,11
10,1255.24801,1275.24701,11
10,1265.24801,1285.24701,11
10,1275.24801,1295.24701,11
10,1285.24801,1305.24701,11
10,1295.24801,1315.24701,11
10,1325.24701,1345.24601,3
10,1335.24701,1355.24601,3
10,1345.24701,1365.24601,3
10,1355.24701,1375.24601,3
10,1365.24701,1385.24601,3
10,1375.24701,1395.24601,3
10,1385.24701,1405.24601,3
10,1395.24701,1415.24601,3
10,1405.24701,1425.24601,3
10,1415.24701,1435.24601,3
10,1443.89701,1463.89601,11
10,1453.89701,1473.89601,11
10,1463.89701,1483.89601,11
10,1473.89701,1493.89601,11
10,1483.89701,1503.89601,11
10,1493.89701,1513.89601,11
10,1503.89701,1523.89601,11
10,1513.89701,1533.89601,11
10,1523.89701,1543.89601,11
10,1533.89701,1553.89601,11
10,1563.89801,1583.89701,1
10,1573.89801,1593.89701,1
10,1583.89801,1603.89701,1
10,1593.89801,1613.89701,1
10,1603.89801,1623.89701,1
10,1613.89801,1633.89701,1
10,1623.89801,1643.89701,1
10,1633.89801,1653.89701,1
10,1643.89801,1663.89701,1
10,1653.89801,1673.89701,1
10,1663.89801,1683.89701,1
10,1673.89801,1693.89701,1
10,1683.89801,1703.89701,1
10,1693.89801,1713.89701,1
10,1703.89801,1723.89701,1
10,1713.89801,1733.89701,1
10,1723.89801,1743.89701,1
10,1749.49801,1769.49701,11
10,1759.49801,1779.49701,11
10,1769.49801,1789.49701,11
10,1779.49801,1799.49701,11
10,1789.49801,1809.49701,11
10,1799.49801,1819.49701,11
10,1809.49801,1829.49701,11
10,1819.49801,1839.49701,11
10,1829.49801,1849.49701,11
10,1839.49801,1859.49701,11
10,1869.49601,1889.49501,5
10,1879.49601,1899.49501,5
10,1889.49601,1909.49501,5
10,1899.49601,1919.49501,5
10,1909.49601,1929.49501,5
10,1919.49601,1939.49501,5
10,1929.49601,1949.49501,5
10,1939.49601,1959.49501,5
10,1949.49601,1969.49501,5
10,1959.49601,1979.49501,5
10,1969.49601,1989.49501,5
10,1979.49601,1999.49501,5
10,1989.49601,2009.49501,5
10,2014.59601,2034.59501,11
10,2024.59601,2044.59501,11
10,2034.59601,2054.59501,11
10,2044.59601,2064.59501,11
10,2054.59601,2074.59501,11
10,2064.59601,2084.59501,11
10,2074.59601,2094.59501,11
10,2084.59601,2104.5960099999998,11
10,2094.59601,2114.5960099999998,11
10,2104.59701,2124.5960099999998,11
10,2134.59401,2154.5930099999996,7
10,2144.59401,2164.5930099999996,7
10,2154.59401,2174.5930099999996,7
10,2164.59401,2184.5930099999996,7
10,2174.59401,2194.5930099999996,7
10,2184.59401,2204.5930099999996,7
10,2194.59401,2214.5930099999996,7
10,2204.59401,2224.5930099999996,7
10,2214.59401,2234.5930099999996,7
10,2224.59401,2244.5930099999996,7
10,2234.59401,2254.5930099999996,7
10,2244.59401,2264.5930099999996,7
10,2254.59401,2274.5930099999996,7
10,2264.59401,2284.5930099999996,7
10,2274.59401,2294.5930099999996,7
10,2284.59401,2304.5930099999996,7
10,2294.59401,2314.5930099999996,7
10,2304.59401,2324.5930099999996,7
10,2331.59501,2351.59401,12
10,2341.59501,2361.59401,12
10,2351.59501,2371.59401,12
10,2361.59501,2381.59401,12
10,2371.59501,2391.59401,12
10,2381.59501,2401.59401,12
10,2391.59501,2411.59401,12
10,2401.59501,2421.59401,12
10,2411.59501,2431.59401,12
10,2421.59501,2441.59401,12
11,1e-05,19.99901,10
11,10.00001,29.99901,10
11,20.00001,39.999010000000006,10
11,30.00001,49.999010000000006,10
11,40.00001,59.999010000000006,10
11,50.00001,70.00000999999999,10
11,60.00001,80.00000999999999,10
11,70.00101,90.00000999999999,10
11,80.00101,100.00000999999999,10
11,101.52501,121.52400999999999,11
11,111.52501,131.52401,11
11,121.52501,141.52401,11
11,131.52501,151.52401,11
11,141.52501,161.52401,11
11,151.52501,171.52401,11
11,161.52501,181.52401,11
11,171.52501,191.52401,11
11,181.52501,201.52401,11
11,191.52501,211.52401,11
11,221.54701,241.54601,3
11,231.54701,251.54601,3
11,241.54701,261.54601,3
11,251.54701,271.54601,3
11,261.54701,281.54601,3
11,271.54701,291.54601,3
11,281.54701,301.54601,3
11,291.54701,311.54601,3
11,301.54701,321.54601,3
11,311.54701,331.54601,3
11,340.19701000000003,360.19601,11
11,350.19701000000003,370.19601,11
11,360.19701000000003,380.19601,11
11,370.19701000000003,390.19601,11
11,380.19701000000003,400.19601,11
11,390.19701000000003,410.19601,11
11,400.19701000000003,420.19601,11
11,410.19701000000003,430.19601,11
11,420.19701000000003,440.19601,11
11,430.19701000000003,450.19601,11
11,460.19401,480.19301,7
11,470.19401,490.19301,7
11,480.19401,500.19301,7
11,490.19401,510.19301,7
11,500.19401,520.19301,7
11,510.19401,530.19301,7
11,520.19401,540.19301,7
11,530.19401,550.19301,7
11,540.19401,560.19301,7
11,550.19401,570.19301,7
11,560.19401,580.19301,7
11,570.19401,590.19301,7
11,580.19401,600.19301,7
11,590.19401,610.19301,7
11,600.19401,620.19301,7
11,610.19401,630.19301,7
11,620.19401,640.19301,7
11,630.19401,650.19301,7
11,657.19401,677.19301,11
11,667.19401,687.19301,11
11,677.19401,697.19301,11
11,687.19401,707.19301,11
11,697.19401,717.19301,11
11,707.19401,727.19301,11
11,717.19401,737.19301,11
11,727.19401,747.19301,11
11,737.19401,757.19301,11
11,747.19401,767.19301,11
11,777.19801,797.19701,1
11,787.19801,807.19701,1
11,797.19801,817.19701,1
11,807.19801,827.19701,1
11,817.19801,837.19701,1
11,827.19801,847.19701,1
11,837.19801,857.19701,1
11,847.19801,867.19701,1
11,857.19801,877.19701,1
11,867.19801,887.19701,1
11,877.19801,897.19701,1
11,887.19801,907.19701,1
11,897.19801,917.19701,1
11,907.19801,927.19701,1
11,917.19801,937.19701,1
11,927.19801,947.19701,1
11,937.19801,957.19701,1
11,962.79801,982.79701,11
11,972.79801,992.79701,11
11,982.79801,1002.79701,11
11,992.79801,1012.79701,11
11,1002.79801,1022.79701,11
11,1012.79801,1032.79701,11
11,1022.79801,1042.79701,11
11,1032.79801,1052.79701,11
11,1042.79801,1062.79701,11
11,1052.79801,1072.79701,11
11,1082.79601,1102.79501,5
11,1092.79601,1112.79501,5
11,1102.79601,1122.79501,5
11,1112.79601,1132.79501,5
11,1122.79601,1142.79501,5
11,1132.79601,1152.79501,5
11,1142.79601,1162.79501,5
11,1152.79601,1172.79501,5
11,1162.79601,1182.79501,5
11,1172.79601,1192.79501,5
11,1182.79601,1202.79501,5
11,1192.79601,1212.79501,5
11,1202.79601,1222.79501,5
11,1227.89601,1247.89501,11
11,1237.89601,1257.89501,11
11,1247.89601,1267.89501,11
11,1257.89601,1277.89501,11
11,1267.89601,1287.89501,11
11,1277.89601,1297.89501,11
11,1287.89601,1307.89501,11
11,1297.89601,1317.89501,11
11,1307.89601,1327.89501,11
11,1317.89601,1337.89501,11
11,1347.89201,1367.89101,8
11,1357.89201,1377.89101,8
11,1367.89201,1387.89101,8
11,1377.89201,1397.89101,8
11,1387.89201,1407.89101,8
11,1397.89201,1417.89101,8
11,1407.89201,1427.89101,8
11,1417.89201,1437.89101,8
11,1427.89201,1447.89101,8
11,1437.89201,1457.89101,8
11,1447.89201,1467.89101,8
11,1457.89201,1477.89101,8
11,1467.89201,1487.89101,8
11,1491.64201,1511.64101,11
11,1501.64201,1521.64101,11
11,1511.64201,1531.64101,11
11,1521.64201,1541.64101,11
11,1531.64201,1551.64101,11
11,1541.64201,1561.64101,11
11,1551.64201,1571.64101,11
11,1561.64201,1581.64101,11
11,1571.64201,1591.64101,11
11,1581.64201,1601.64101,11
11,1611.64701,1631.64601,4
11,1621.64701,1641.64601,4
11,1631.64701,1651.64601,4
11,1641.64701,1661.64601,4
11,1651.64701,1671.64601,4
11,1661.64701,1681.64601,4
11,1671.64701,1691.64601,4
11,1681.64701,1701.64601,4
11,1691.64701,1711.64601,4
11,1701.64701,1721.64601,4
11,1711.64701,1731.64601,4
11,1721.64701,1741.64601,4
11,1731.64701,1751.64601,4
11,1741.64701,1761.64601,4
11,1751.64701,1771.64601,4
11,1771.74701,1791.74601,11
11,1781.74701,1801.74601,11
11,1791.74701,1811.74601,11
11,1801.74701,1821.74601,11
11,1811.74701,1831.74601,11
11,1821.74701,1841.74601,11
11,1831.74701,1851.74601,11
11,1841.74701,1861.74601,11
11,1851.74701,1871.74601,11
11,1861.74701,1881.74601,11
11,1891.74801,1911.74701,2
11,1901.74801,1921.74701,2
11,1911.74801,1931.74701,2
11,1921.74801,1941.74701,2
11,1931.74801,1951.74701,2
11,1941.74801,1961.74701,2
11,1951.74801,1971.74701,2
11,1961.74801,1981.74701,2
11,1971.74801,1991.74701,2
11,1981.74801,2001.74701,2
11,1991.74801,2011.74701,2
11,2001.74801,2021.74701,2
11,2011.74801,2031.74701,2
11,2021.74801,2041.74701,2
11,2031.74801,2051.74801,2
11,2041.74801,2061.74801,2
11,2064.84801,2084.84701,11
11,2074.84801,2094.84701,11
11,2084.84801,2104.8480099999997,11
11,2094.84801,2114.8480099999997,11
11,2104.84901,2124.8480099999997,11
11,2114.84901,2134.8480099999997,11
11,2124.84901,2144.8480099999997,11
11,2134.84901,2154.8480099999997,11
11,2144.84901,2164.8480099999997,11
11,2154.84901,2174.8480099999997,11
11,2184.84501,2204.84401,6
11,2194.84501,2214.84401,6
11,2204.84501,2224.84401,6
11,2214.84501,2234.84401,6
11,2224.84501,2244.84401,6
11,2234.84501,2254.84401,6
11,2244.84501,2264.84401,6
11,2254.84501,2274.84401,6
11,2264.84501,2284.84401,6
11,2274.84501,2294.84401,6
11,2284.84501,2304.84401,6
11,2294.84501,2314.84401,6
11,2304.84501,2324.84401,6
11,2331.5960099999998,2351.59501,12
11,2341.5960099999998,2361.59501,12
11,2351.5960099999998,2371.59501,12
11,2361.5960099999998,2381.59501,12
11,2371.5960099999998,2391.59501,12
11,2381.5960099999998,2401.59501,12
11,2391.5960099999998,2411.59501,12
11,2401.5960099999998,2421.59501,12
11,2411.5960099999998,2431.59501,12
11,2421.5960099999998,2441.59501,12
12,0.002,20.001,10
12,10.002,30.002,10
12,20.003,40.001,10
12,30.003,50.001,10
12,40.002,60.001,10
12,50.002,70.002,10
12,60.002,80.002,10
12,70.003,90.002,10
12,80.003,100.002,10
12,101.525,121.524,11
12,111.525,131.524,11
12,121.525,141.524,11
12,131.525,151.524,11
12,141.525,161.524,11
12,151.525,171.524,11
12,161.525,181.524,11
12,171.525,191.524,11
12,181.525,201.524,11
12,191.525,211.524,11
12,221.547,241.546,4
12,231.547,251.546,4
12,241.547,261.546,4
12,251.547,271.546,4
12,261.547,281.546,4
12,271.547,291.546,4
12,281.547,301.546,4
12,291.547,311.546,4
12,301.547,321.546,4
12,311.547,331.546,4
12,321.547,341.546,4
12,331.547,351.546,4
12,341.547,361.546,4
12,351.547,371.546,4
12,361.547,381.546,4
12,381.647,401.646,11
12,391.647,411.646,11
12,401.647,421.646,11
12,411.647,431.646,11
12,421.647,441.646,11
12,431.647,451.646,11
12,441.647,461.646,11
12,451.647,471.646,11
12,461.647,481.646,11
12,471.647,491.646,11
12,501.648,521.647,2
12,511.648,531.647,2
12,521.648,541.647,2
12,531.648,551.647,2
12,541.648,561.647,2
12,551.648,571.647,2
12,561.648,581.647,2
12,571.648,591.647,2
12,581.648,601.647,2
12,591.648,611.647,2
12,601.648,621.647,2
12,611.648,631.647,2
12,621.648,641.647,2
12,631.648,651.647,2
12,641.648,661.647,2
12,651.648,671.647,2
12,674.748,694.747,11
12,684.748,704.747,11
12,694.748,714.747,11
12,704.748,724.747,11
12,714.748,734.747,11
12,724.748,744.747,11
12,734.748,754.747,11
12,744.748,764.747,11
12,754.748,774.747,11
12,764.748,784.747,11
12,794.745,814.744,6
12,804.745,824.744,6
12,814.745,834.744,6
12,824.745,844.744,6
12,834.745,854.744,6
12,844.745,864.744,6
12,854.745,874.744,6
12,864.745,884.744,6
12,874.745,894.744,6
12,884.745,904.744,6
12,894.745,914.744,6
12,904.745,924.744,6
12,914.745,934.744,6
12,941.496,961.495,11
12,951.496,971.495,11
12,961.496,981.495,11
12,971.496,991.495,11
12,981.496,1001.495,11
12,991.496,1011.495,11
12,1001.496,1021.495,11
12,1011.496,1031.495,11
12,1021.496,1041.495,11
12,1031.496,1051.495,11
12,1061.492,1081.491,8
12,1071.492,1091.491,8
12,1081.492,1101.491,8
12,1091.492,1111.491,8
12,1101.492,1121.491,8
12,1111.492,1131.491,8
12,1121.492,1141.491,8
12,1131.492,1151.491,8
12,1141.492,1161.491,8
12,1151.492,1171.491,8
12,1161.492,1181.491,8
12,1171.492,1191.491,8
12,1181.492,1201.491,8
12,1205.242,1225.241,11
12,1215.242,1235.241,11
12,1225.242,1245.241,11
12,1235.242,1255.241,11
12,1245.242,1265.241,11
12,1255.242,1275.241,11
12,1265.242,1285.241,11
12,1275.242,1295.241,11
12,1285.242,1305.241,11
12,1295.242,1315.241,11
12,1325.246,1345.245,5
12,1335.246,1355.245,5
12,1345.246,1365.245,5
12,1355.246,1375.245,5
12,1365.246,1385.245,5
12,1375.246,1395.245,5
12,1385.246,1405.245,5
12,1395.246,1415.245,5
12,1405.246,1425.245,5
12,1415.246,1435.245,5
12,1425.246,1445.245,5
12,1435.246,1455.245,5
12,1445.246,1465.245,5
12,1470.346,1490.345,11
12,1480.346,1500.345,11
12,1490.346,1510.345,11
12,1500.346,1520.345,11
12,1510.346,1530.345,11
12,1520.346,1540.345,11
12,1530.346,1550.345,11
12,1540.346,1560.345,11
12,1550.346,1570.345,11
12,1560.346,1580.345,11
12,1590.347,1610.346,3
12,1600.347,1620.346,3
12,1610.347,1630.346,3
12,1620.347,1640.346,3
12,1630.347,1650.346,3
12,1640.347,1660.346,3
12,1650.347,1670.346,3
12,1660.347,1680.346,3
12,1670.347,1690.346,3
12,1680.347,1700.346,3
12,1708.997,1728.996,11
12,1718.997,1738.996,11
12,1728.997,1748.996,11
12,1738.997,1758.996,11
12,1748.997,1768.996,11
12,1758.997,1778.996,11
12,1768.997,1788.996,11
12,1778.997,1798.996,11
12,1788.997,1808.996,11
12,1798.997,1818.996,11
12,1828.994,1848.993,7
12,1838.994,1858.993,7
12,1848.994,1868.993,7
12,1858.994,1878.993,7
12,1868.994,1888.993,7
12,1878.994,1898.993,7
12,1888.994,1908.993,7
12,1898.994,1918.993,7
12,1908.994,1928.993,7
12,1918.994,1938.993,7
12,1928.994,1948.993,7
12,1938.994,1958.993,7
12,1948.994,1968.993,7
12,1958.994,1978.993,7
12,1968.994,1988.993,7
12,1978.994,1998.993,7
12,1988.994,2008.993,7
12,1998.994,2018.993,7
12,2025.994,2045.993,11
12,2035.994,2055.993,11
12,2045.994,2065.993,11
12,2055.994,2075.993,11
12,2065.994,2085.993,11
12,2075.994,2095.993,11
12,2085.994,2105.993,11
12,2095.994,2115.993,11
12,2105.994,2125.993,11
12,2115.994,2135.993,11
12,2145.998,2165.997,1
12,2155.998,2175.997,1
12,2165.998,2185.997,1
12,2175.998,2195.997,1
12,2185.998,2205.997,1
12,2195.998,2215.997,1
12,2205.998,2225.997,1
12,2215.998,2235.997,1
12,2225.998,2245.997,1
12,2235.998,2255.997,1
12,2245.998,2265.997,1
12,2255.998,2275.997,1
12,2265.998,2285.997,1
12,2275.998,2295.997,1
12,2285.998,2305.997,1
12,2295.998,2315.997,1
12,2305.998,2325.997,1
12,2331.598,2351.597,12
12,2341.598,2361.597,12
12,2351.598,2371.597,12
12,2361.598,2381.597,12
12,2371.598,2391.597,12
12,2381.598,2401.597,12
12,2391.598,2411.597,12
12,2401.598,2421.597,12
12,2411.598,2431.597,12
12,2421.598,2441.597,12
13,0.00101,20.001009999999997,10
13,10.00101,30.001009999999997,10
13,20.00201,40.00001,10
13,30.00201,50.00001,10
13,40.00101,60.00001,10
13,50.00101,70.00101,10
13,60.00101,80.00101,10
13,70.00201,90.00101,10
13,80.00201,100.00101,10
13,101.52501,121.52400999999999,11
13,111.52501,131.52401,11
13,121.52501,141.52401,11
13,131.52501,151.52401,11
13,141.52501,161.52401,11
13,151.52501,171.52401,11
13,161.52501,181.52401,11
13,171.52501,191.52401,11
13,181.52501,201.52401,11
13,191.52501,211.52401,11
13,221.54601,241.54501000000002,5
13,231.54601,251.54501000000002,5
13,241.54601,261.54501,5
13,251.54601,271.54501,5
13,261.54601,281.54501,5
13,271.54601,291.54501,5
13,281.54601,301.54501,5
13,291.54601,311.54501,5
13,301.54601,321.54501,5
13,311.54601,331.54501,5
13,321.54601,341.54501,5
13,331.54601,351.54501,5
13,341.54601,361.54501,5
13,366.64601,386.64501,11
13,376.64601,396.64501,11
13,386.64601,406.64501,11
13,396.64601,416.64501,11
13,406.64601,426.64501,11
13,416.64601,436.64501,11
13,426.64601,446.64501,11
13,436.64601,456.64501,11
13,446.64601,466.64501,11
13,456.64601,476.64501,11
13,486.64701,506.64601,3
13,496.64701,516.64601,3
13,506.64701,526.64601,3
13,516.64701,536.64601,3
13,526.64701,546.64601,3
13,536.64701,556.64601,3
13,546.64701,566.64601,3
13,556.64701,576.64601,3
13,566.64701,586.64601,3
13,576.64701,596.64601,3
13,605.29701,625.29601,11
13,615.29701,635.29601,11
13,625.29701,645.29601,11
13,635.29701,655.29601,11
13,645.29701,665.29601,11
13,655.29701,675.29601,11
13,665.29701,685.29601,11
13,675.29701,695.29601,11
13,685.29701,705.29601,11
13,695.29701,715.29601,11
13,725.29401,745.29301,7
13,735.29401,755.29301,7
13,745.29401,765.29301,7
13,755.29401,775.29301,7
13,765.29401,785.29301,7
13,775.29401,795.29301,7
13,785.29401,805.29301,7
13,795.29401,815.29301,7
13,805.29401,825.29301,7
13,815.29401,835.29301,7
13,825.29401,845.29301,7
13,835.29401,855.29301,7
13,845.29401,865.29301,7
13,855.29401,875.29301,7
13,865.29401,885.29301,7
13,875.29401,895.29301,7
13,885.29401,905.29301,7
13,895.29401,915.29301,7
13,922.29401,942.29301,11
13,932.29401,952.29301,11
13,942.29401,962.29301,11
13,952.29401,972.29301,11
13,962.29401,982.29301,11
13,972.29401,992.29301,11
13,982.29401,1002.29301,11
13,992.29401,1012.29301,11
13,1002.29401,1022.29301,11
13,1012.29401,1032.29301,11
13,1042.29801,1062.29701,1
13,1052.29801,1072.29701,1
13,1062.29801,1082.29701,1
13,1072.29801,1092.29701,1
13,1082.29801,1102.29701,1
13,1092.29801,1112.29701,1
13,1102.29801,1122.29701,1
13,1112.29801,1132.29701,1
13,1122.29801,1142.29701,1
13,1132.29801,1152.29701,1
13,1142.29801,1162.29701,1
13,1152.29801,1172.29701,1
13,1162.29801,1182.29701,1
13,1172.29801,1192.29701,1
13,1182.29801,1202.29701,1
13,1192.29801,1212.29701,1
13,1202.29801,1222.29701,1
13,1227.89801,1247.89701,11
13,1237.89801,1257.89701,11
13,1247.89801,1267.89701,11
13,1257.89801,1277.89701,11
13,1267.89801,1287.89701,11
13,1277.89801,1297.89701,11
13,1287.89801,1307.89701,11
13,1297.89801,1317.89701,11
13,1307.89801,1327.89701,11
13,1317.89801,1337.89701,11
13,1347.89501,1367.89401,6
13,1357.89501,1377.89401,6
13,1367.89501,1387.89401,6
13,1377.89501,1397.89401,6
13,1387.89501,1407.89401,6
13,1397.89501,1417.89401,6
13,1407.89501,1427.89401,6
13,1417.89501,1437.89401,6
13,1427.89501,1447.89401,6
13,1437.89501,1457.89401,6
13,1447.89501,1467.89401,6
13,1457.89501,1477.89401,6
13,1467.89501,1487.89401,6
13,1494.64501,1514.64401,11
13,1504.64501,1524.64401,11
13,1514.64501,1534.64401,11
13,1524.64501,1544.64401,11
13,1534.64501,1554.64401,11
13,1544.64501,1564.64401,11
13,1554.64501,1574.64401,11
13,1564.64501,1584.64401,11
13,1574.64501,1594.64401,11
13,1584.64501,1604.64401,11
13,1614.64801,1634.64701,2
13,1624.64801,1644.64701,2
13,1634.64801,1654.64701,2
13,1644.64801,1664.64701,2
13,1654.64801,1674.64701,2
13,1664.64801,1684.64701,2
13,1674.64801,1694.64701,2
13,1684.64801,1704.64701,2
13,1694.64801,1714.64701,2
13,1704.64801,1724.64701,2
13,1714.64801,1734.64701,2
13,1724.64801,1744.64701,2
13,1734.64801,1754.64701,2
13,1744.64801,1764.64701,2
13,1754.64801,1774.64701,2
13,1764.64801,1784.64701,2
13,1787.74801,1807.74701,11
13,1797.74801,1817.74701,11
13,1807.74801,1827.74701,11
13,1817.74801,1837.74701,11
13,1827.74801,1847.74701,11
13,1837.74801,1857.74701,11
13,1847.74801,1867.74701,11
13,1857.74801,1877.74701,11
13,1867.74801,1887.74701,11
13,1877.74801,1897.74701,11
13,1907.74701,1927.74601,4
13,1917.74701,1937.74601,4
13,1927.74701,1947.74601,4
13,1937.74701,1957.74601,4
13,1947.74701,1967.74601,4
13,1957.74701,1977.74601,4
13,1967.74701,1987.74601,4
13,1977.74701,1997.74601,4
13,1987.74701,2007.74601,4
13,1997.74701,2017.74601,4
13,2007.74701,2027.74601,4
13,2017.74701,2037.74601,4
13,2027.74701,2047.74601,4
13,2037.74701,2057.74601,4
13,2047.74701,2067.74601,4
13,2067.84701,2087.84601,11
13,2077.84701,2097.8460099999998,11
13,2087.84701,2107.8460099999998,11
13,2097.84701,2117.8460099999998,11
13,2107.84701,2127.8460099999998,11
13,2117.84701,2137.8460099999998,11
13,2127.84701,2147.8460099999998,11
13,2137.84701,2157.8460099999998,11
13,2147.84701,2167.8460099999998,11
13,2157.84701,2177.8460099999998,11
13,2187.84201,2207.8410099999996,8
13,2197.84201,2217.8410099999996,8
13,2207.84201,2227.8410099999996,8
13,2217.84201,2237.8410099999996,8
13,2227.84201,2247.8410099999996,8
13,2237.84201,2257.8410099999996,8
13,2247.84201,2267.8410099999996,8
13,2257.84201,2277.8410099999996,8
13,2267.84201,2287.8410099999996,8
13,2277.84201,2297.8410099999996,8
13,2287.84201,2307.8410099999996,8
13,2297.84201,2317.8410099999996,8
13,2307.84201,2327.8410099999996,8
13,2331.59401,2351.5930099999996,12
13,2341.59401,2361.5930099999996,12
13,2351.59401,2371.5930099999996,12
13,2361.59401,2381.5930099999996,12
13,2371.59401,2391.5930099999996,12
13,2381.59401,2401.5930099999996,12
13,2391.59401,2411.5930099999996,12
13,2401.59401,2421.5930099999996,12
13,2411.59401,2431.5930099999996,12
13,2421.59401,2441.5930099999996,12
14,0.0020099999999999996,20.001009999999997,10
14,10.00201,30.001009999999997,10
14,20.00201,40.00101,10
14,30.00201,50.00101,10
14,40.00201,60.00101,10
14,50.00201,70.00101,10
14,60.00201,80.00101,10
14,70.00201,90.00101,10
14,80.00201,100.00101,10
14,101.52501,121.52400999999999,11
14,111.52501,131.52401,11
14,121.52501,141.52401,11
14,131.52501,151.52401,11
14,141.52501,161.52401,11
14,151.52501,171.52401,11
14,161.52501,181.52401,11
14,171.52501,191.52401,11
14,181.52501,201.52401,11
14,191.52501,211.52401,11
14,221.54801,241.54701,2
14,231.54801,251.54701,2
14,241.54801,261.54701,2
14,251.54801,271.54701,2
14,261.54801000000003,281.54701,2
14,271.54801000000003,291.54701,2
14,281.54801000000003,301.54701,2
14,291.54801000000003,311.54701,2
14,301.54801000000003,321.54701,2
14,311.54801000000003,331.54701,2
14,321.54801000000003,341.54701,2
14,331.54801000000003,351.54701,2
14,341.54801000000003,361.54701,2
14,351.54801000000003,371.54701,2
14,361.54801000000003,381.54701,2
14,371.54801000000003,391.54701,2
14,394.64801,414.64701,11
14,404.64801,424.64701,11
14,414.64801,434.64701,11
14,424.64801,444.64701,11
14,434.64801,454.64701,11
14,444.64801,464.64701,11
14,454.64801,474.64701,11
14,464.64801,484.64701,11
14,474.64801,494.64701,11
14,484.64801,504.64701,11
14,514.64701,534.64601,4
14,524.64701,544.64601,4
14,534.64701,554.64601,4
14,544.64701,564.64601,4
14,554.64701,574.64601,4
14,564.64701,584.64601,4
14,574.64701,594.64601,4
14,584.64701,604.64601,4
14,594.64701,614.64601,4
14,604.64701,624.64601,4
14,614.64701,634.64601,4
14,624.64701,644.64601,4
14,634.64701,654.64601,4
14,644.64701,664.64601,4
14,654.64701,674.64601,4
14,674.74701,694.74601,11
14,684.74701,704.74601,11
14,694.74701,714.74601,11
14,704.74701,724.74601,11
14,714.74701,734.74601,11
14,724.74701,744.74601,11
14,734.74701,754.74601,11
14,744.74701,764.74601,11
14,754.74701,774.74601,11
14,764.74701,784.74601,11
14,794.74201,814.74101,8
14,804.74201,824.74101,8
14,814.74201,834.74101,8
14,824.74201,844.74101,8
14,834.74201,854.74101,8
14,844.74201,864.74101,8
14,854.74201,874.74101,8
14,864.74201,884.74101,8
14,874.74201,894.74101,8
14,884.74201,904.74101,8
14,894.74201,914.74101,8
14,904.74201,924.74101,8
14,914.74201,934.74101,8
14,938.49201,958.49101,11
14,948.49201,968.49101,11
14,958.49201,978.49101,11
14,968.49201,988.49101,11
14,978.49201,998.49101,11
14,988.49201,1008.49101,11
14,998.49201,1018.49101,11
14,1008.49201,1028.49101,11
14,1018.49201,1038.49101,11
14,1028.49201,1048.49101,11
14,1058.49501,1078.4940100000001,6
14,1068.49501,1088.4940100000001,6
14,1078.49501,1098.4940100000001,6
14,1088.49501,1108.4940100000001,6
14,1098.49501,1118.4940100000001,6
14,1108.49501,1128.4940100000001,6
14,1118.49501,1138.4940100000001,6
14,1128.49501,1148.4940100000001,6
14,1138.49501,1158.4940100000001,6
14,1148.49501,1168.4940100000001,6
14,1158.49501,1178.4940100000001,6
14,1168.49501,1188.4940100000001,6
14,1178.49501,1198.4940100000001,6
14,1205.24501,1225.2440100000001,11
14,1215.24501,1235.2440100000001,11
14,1225.24501,1245.2440100000001,11
14,1235.24501,1255.2440100000001,11
14,1245.24501,1265.2440100000001,11
14,1255.24501,1275.2440100000001,11
14,1265.24501,1285.2440100000001,11
14,1275.24501,1295.2440100000001,11
14,1285.24501,1305.2440100000001,11
14,1295.24501,1315.2440100000001,11
14,1325.2440100000001,1345.24301,7
14,1335.2440100000001,1355.24301,7
14,1345.2440100000001,1365.24301,7
14,1355.2440100000001,1375.24301,7
14,1365.2440100000001,1385.24301,7
14,1375.2440100000001,1395.24301,7
14,1385.2440100000001,1405.24301,7
14,1395.2440100000001,1415.24301,7
14,1405.2440100000001,1425.24301,7
14,1415.2440100000001,1435.24301,7
14,1425.2440100000001,1445.24301,7
14,1435.2440100000001,1455.24301,7
14,1445.2440100000001,1465.24301,7
14,1455.2440100000001,1475.24301,7
14,1465.2440100000001,1485.24301,7
14,1475.2440100000001,1495.24301,7
14,1485.2440100000001,1505.24301,7
14,1495.2440100000001,1515.24301,7
14,1522.2440100000001,1542.24301,11
14,1532.2440100000001,1552.24301,11
14,1542.2440100000001,1562.24301,11
14,1552.2440100000001,1572.24301,11
14,1562.2440100000001,1582.24301,11
14,1572.2440100000001,1592.24301,11
14,1582.2440100000001,1602.24301,11
14,1592.2440100000001,1612.24301,11
14,1602.2440100000001,1622.24301,11
14,1612.2440100000001,1632.24301,11
14,1642.24801,1662.24701,1
14,1652.24801,1672.24701,1
14,1662.24801,1682.24701,1
14,1672.24801,1692.24701,1
14,1682.24801,1702.24701,1
14,1692.24801,1712.24701,1
14,1702.24801,1722.24701,1
14,1712.24801,1732.24701,1
14,1722.24801,1742.24701,1
14,1732.24801,1752.24701,1
14,1742.24801,1762.24701,1
14,1752.24801,1772.24701,1
14,1762.24801,1782.24701,1
14,1772.24801,1792.24701,1
14,1782.24801,1802.24701,1
14,1792.24801,1812.24701,1
14,1802.24801,1822.24701,1
14,1827.84801,1847.84701,11
14,1837.84801,1857.84701,11
14,1847.84801,1867.84701,11
14,1857.84801,1877.84701,11
14,1867.84801,1887.84701,11
14,1877.84801,1897.84701,11
14,1887.84801,1907.84701,11
14,1897.84801,1917.84701,11
14,1907.84801,1927.84701,11
14,1917.84801,1937.84701,11
14,1947.84701,1967.84601,3
14,1957.84701,1977.84601,3
14,1967.84701,1987.84601,3
14,1977.84701,1997.84601,3
14,1987.84701,2007.84601,3
14,1997.84701,2017.84601,3
14,2007.84701,2027.84601,3
14,2017.84701,2037.84601,3
14,2027.84701,2047.84601,3
14,2037.84701,2057.84601,3
14,2066.49701,2086.49601,11
14,2076.49701,2096.49601,11
14,2086.49701,2106.4970099999996,11
14,2096.49701,2116.4970099999996,11
14,2106.49801,2126.4970099999996,11
14,2116.49801,2136.4970099999996,11
14,2126.49801,2146.4970099999996,11
14,2136.49801,2156.4970099999996,11
14,2146.49801,2166.4970099999996,11
14,2156.49801,2176.4970099999996,11
14,2186.49601,2206.4950099999996,5
14,2196.49601,2216.4950099999996,5
14,2206.49601,2226.4950099999996,5
14,2216.49601,2236.4950099999996,5
14,2226.49601,2246.4950099999996,5
14,2236.49601,2256.4950099999996,5
14,2246.49601,2266.4950099999996,5
14,2256.49601,2276.4950099999996,5
14,2266.49601,2286.4950099999996,5
14,2276.49601,2296.4950099999996,5
14,2286.49601,2306.4950099999996,5
14,2296.49601,2316.4950099999996,5
14,2306.49601,2326.4950099999996,5
14,2331.59701,2351.5960099999998,12
14,2341.59701,2361.5960099999998,12
14,2351.59701,2371.5960099999998,12
14,2361.59701,2381.5960099999998,12
14,2371.59701,2391.5960099999998,12
14,2381.59701,2401.5960099999998,12
14,2391.59701,2411.5960099999998,12
14,2401.59701,2421.5960099999998,12
14,2411.59701,2431.5960099999998,12
14,2421.59701,2441.5960099999998,12
15,0.001,20.0,10
15,10.001,30.0,10
15,20.001,40.0,10
15,30.001,50.0,10
15,40.001,60.0,10
15,50.001,70.0,10
15,60.001,80.0,10
15,70.001,90.0,10
15,80.001,100.0,10
15,101.525,121.524,11
15,111.525,131.524,11
15,121.525,141.524,11
15,131.525,151.524,11
15,141.525,161.524,11
15,151.525,171.524,11
15,161.525,181.524,11
15,171.525,191.524,11
15,181.525,201.524,11
15,191.525,211.524,11
15,221.547,241.546,3
15,231.547,251.546,3
15,241.547,261.546,3
15,251.547,271.546,3
15,261.547,281.546,3
15,271.547,291.546,3
15,281.547,301.546,3
15,291.547,311.546,3
15,301.547,321.546,3
15,311.547,331.546,3
15,340.197,360.196,11
15,350.197,370.196,11
15,360.197,380.196,11
15,370.197,390.196,11
15,380.197,400.196,11
15,390.197,410.196,11
15,400.197,420.196,11
15,410.197,430.196,11
15,420.197,440.196,11
15,430.197,450.196,11
15,460.196,480.195,5
15,470.196,490.195,5
15,480.196,500.195,5
15,490.196,510.195,5
15,500.196,520.195,5
15,510.196,530.195,5
15,520.196,540.195,5
15,530.196,550.195,5
15,540.196,560.195,5
15,550.196,570.195,5
15,560.196,580.195,5
15,570.196,590.195,5
15,580.196,600.195,5
15,605.296,625.295,11
15,615.296,635.295,11
15,625.296,645.295,11
15,635.296,655.295,11
15,645.296,665.295,11
15,655.296,675.295,11
15,665.296,685.295,11
15,675.296,695.295,11
15,685.296,705.295,11
15,695.296,715.295,11
15,725.298,745.297,1
15,735.298,755.297,1
15,745.298,765.297,1
15,755.298,775.297,1
15,765.298,785.297,1
15,775.298,795.297,1
15,785.298,805.297,1
15,795.298,815.297,1
15,805.298,825.297,1
15,815.298,835.297,1
15,825.298,845.297,1
15,835.298,855.297,1
15,845.298,865.297,1
15,855.298,875.297,1
15,865.298,885.297,1
15,875.298,895.297,1
15,885.298,905.297,1
15,910.898,930.897,11
15,920.898,940.897,11
15,930.898,950.897,11
15,940.898,960.897,11
15,950.898,970.897,11
15,960.898,980.897,11
15,970.898,990.897,11
15,980.898,1000.897,11
15,990.898,1010.897,11
15,1000.898,1020.897,11
15,1030.894,1050.893,7
15,1040.894,1060.893,7
15,1050.894,1070.893,7
15,1060.894,1080.893,7
15,1070.894,1090.893,7
15,1080.894,1100.893,7
15,1090.894,1110.893,7
15,1100.894,1120.893,7
15,1110.894,1130.893,7
15,1120.894,1140.893,7
15,1130.894,1150.893,7
15,1140.894,1160.893,7
15,1150.894,1170.893,7
15,1160.894,1180.893,7
15,1170.894,1190.893,7
15,1180.894,1200.893,7
15,1190.894,1210.893,7
15,1200.894,1220.893,7
15,1227.894,1247.893,11
15,1237.894,1257.893,11
15,1247.894,1267.893,11
15,1257.894,1277.893,11
15,1267.894,1287.893,11
15,1277.894,1297.893,11
15,1287.894,1307.893,11
15,1297.894,1317.893,11
15,1307.894,1327.893,11
15,1317.894,1337.893,11
15,1347.898,1367.897,2
15,1357.898,1377.897,2
15,1367.898,1387.897,2
15,1377.898,1397.897,2
15,1387.898,1407.897,2
15,1397.898,1417.897,2
15,1407.898,1427.897,2
15,1417.898,1437.897,2
15,1427.898,1447.897,2
15,1437.898,1457.897,2
15,1447.898,1467.897,2
15,1457.898,1477.897,2
15,1467.898,1487.897,2
15,1477.898,1497.897,2
15,1487.898,1507.897,2
15,1497.898,1517.897,2
15,1520.998,1540.997,11
15,1530.998,1550.997,11
15,1540.998,1560.997,11
15,1550.998,1570.997,11
15,1560.998,1580.997,11
15,1570.998,1590.997,11
15,1580.998,1600.997,11
15,1590.998,1610.997,11
15,1600.998,1620.997,11
15,1610.998,1630.997,11
15,1640.997,1660.996,4
15,1650.997,1670.996,4
15,1660.997,1680.996,4
15,1670.997,1690.996,4
15,1680.997,1700.996,4
15,1690.997,1710.996,4
15,1700.997,1720.996,4
15,1710.997,1730.996,4
15,1720.997,1740.996,4
15,1730.997,1750.996,4
15,1740.997,1760.996,4
15,1750.997,1770.996,4
15,1760.997,1780.996,4
15,1770.997,1790.996,4
15,1780.997,1800.996,4
15,1801.097,1821.096,11
15,1811.097,1831.096,11
15,1821.097,1841.096,11
15,1831.097,1851.096,11
15,1841.097,1861.096,11
15,1851.097,1871.096,11
15,1861.097,1881.096,11
15,1871.097,1891.096,11
15,1881.097,1901.096,11
15,1891.097,1911.096,11
15,1921.092,1941.091,8
15,1931.092,1951.091,8
15,1941.092,1961.091,8
15,1951.092,1971.091,8
15,1961.092,1981.091,8
15,1971.092,1991.091,8
15,1981.092,2001.091,8
15,1991.092,2011.091,8
15,2001.092,2021.091,8
15,2011.092,2031.091,8
15,2021.092,2041.091,8
15,2031.092,2051.091,8
15,2041.092,2061.091,8
15,2064.842,2084.841,11
15,2074.842,2094.841,11
15,2084.842,2104.841,11
15,2094.842,2114.841,11
15,2104.842,2124.841,11
15,2114.842,2134.841,11
15,2124.842,2144.841,11
15,2134.842,2154.841,11
15,2144.842,2164.841,11
15,2154.842,2174.841,11
15,2184.846,2204.845,6
15,2194.846,2214.845,6
15,2204.846,2224.845,6
15,2214.846,2234.845,6
15,2224.846,2244.845,6
15,2234.846,2254.845,6
15,2244.846,2264.845,6
15,2254.846,2274.845,6
15,2264.846,2284.845,6
15,2274.846,2294.845,6
15,2284.846,2304.845,6
15,2294.846,2314.845,6
15,2304.846,2324.845,6
15,2331.596,2351.595,12
15,2341.596,2361.595,12
15,2351.596,2371.595,12
15,2361.596,2381.595,12
15,2371.596,2391.595,12
15,2381.596,2401.595,12
15,2391.596,2411.595,12
15,2401.596,2421.595,12
15,2411.596,2431.595,12
15,2421.596,2441.595,12
16,0.0030099999999999997,20.00201,10
16,10.00301,30.00201,10
16,20.00301,40.00201,10
16,30.00301,50.00201,10
16,40.00301,60.00201,10
16,50.00301,70.00300999999999,10
16,60.00301,80.00300999999999,10
16,70.00401,90.00300999999999,10
16,80.00401,100.00300999999999,10
16,101.52501,121.52400999999999,11
16,111.52501,131.52401,11
16,121.52501,141.52401,11
16,131.52501,151.52401,11
16,141.52501,161.52401,11
16,151.52501,171.52401,11
16,161.52501,181.52401,11
16,171.52501,191.52401,11
16,181.52501,201.52401,11
16,191.52501,211.52401,11
16,221.54801,241.54701,2
16,231.54801,251.54701,2
16,241.54801,261.54701,2
16,251.54801,271.54701,2
16,261.54801000000003,281.54701,2
16,271.54801000000003,291.54701,2
16,281.54801000000003,301.54701,2
16,291.54801000000003,311.54701,2
16,301.54801000000003,321.54701,2
16,311.54801000000003,331.54701,2
16,321.54801000000003,341.54701,2
16,331.54801000000003,351.54701,2
16,341.54801000000003,361.54701,2
16,351.54801000000003,371.54701,2
16,361.54801000000003,381.54701,2
16,371.54801000000003,391.54701,2
16,394.64801,414.64701,11
16,404.64801,424.64701,11
16,414.64801,434.64701,11
16,424.64801,444.64701,11
16,434.64801,454.64701,11
16,444.64801,464.64701,11
16,454.64801,474.64701,11
16,464.64801,484.64701,11
16,474.64801,494.64701,11
16,484.64801,504.64701,11
16,514.64501,534.64401,6
16,524.64501,544.64401,6
16,534.64501,554.64401,6
16,544.64501,564.64401,6
16,554.64501,574.64401,6
16,564.64501,584.64401,6
16,574.64501,594.64401,6
16,584.64501,604.64401,6
16,594.64501,614.64401,6
16,604.64501,624.64401,6
16,614.64501,634.64401,6
16,624.64501,644.64401,6
16,634.64501,654.64401,6
16,661.39501,681.39401,11
16,671.39501,691.39401,11
16,681.39501,701.39401,11
16,691.39501,711.39401,11
16,701.39501,721.39401,11
16,711.39501,731.39401,11
16,721.39501,741.39401,11
16,731.39501,751.39401,11
16,741.39501,761.39401,11
16,751.39501,771.39401,11
16,781.39701,801.39601,4
16,791.39701,811.39601,4
16,801.39701,821.39601,4
16,811.39701,831.39601,4
16,821.39701,841.39601,4
16,831.39701,851.39601,4
16,841.39701,861.39601,4
16,851.39701,871.39601,4
16,861.39701,881.39601,4
16,871.39701,891.39601,4
16,881.39701,901.39601,4
16,891.39701,911.39601,4
16,901.39701,921.39601,4
16,911.39701,931.39601,4
16,921.39701,941.39601,4
16,941.49701,961.49601,11
16,951.49701,971.49601,11
16,961.49701,981.49601,11
16,971.49701,991.49601,11
16,981.49701,1001.49601,11
16,991.49701,1011.49601,11
16,1001.49701,1021.49601,11
16,1011.49701,1031.49601,11
16,1021.49701,1041.49601,11
16,1031.49701,1051.49601,11
16,1061.49201,1081.49101,8
16,1071.49201,1091.49101,8
16,1081.49201,1101.49101,8
16,1091.49201,1111.49101,8
16,1101.49201,1121.49101,8
16,1111.49201,1131.49101,8
16,1121.49201,1141.49101,8
16,1131.49201,1151.49101,8
16,1141.49201,1161.49101,8
16,1151.49201,1171.49101,8
16,1161.49201,1181.49101,8
16,1171.49201,1191.49101,8
16,1181.49201,1201.49101,8
16,1205.24201,1225.24101,11
16,1215.24201,1235.24101,11
16,1225.24201,1245.24101,11
16,1235.24201,1255.24101,11
16,1245.24201,1265.24101,11
16,1255.24201,1275.24101,11
16,1265.24201,1285.24101,11
16,1275.24201,1295.24101,11
16,1285.24201,1305.24101,11
16,1295.24201,1315.24101,11
16,1325.24701,1345.24601,3
16,1335.24701,1355.24601,3
16,1345.24701,1365.24601,3
16,1355.24701,1375.24601,3
16,1365.24701,1385.24601,3
16,1375.24701,1395.24601,3
16,1385.24701,1405.24601,3
16,1395.24701,1415.24601,3
16,1405.24701,1425.24601,3
16,1415.24701,1435.24601,3
16,1443.89701,1463.89601,11
16,1453.89701,1473.89601,11
16,1463.89701,1483.89601,11
16,1473.89701,1493.89601,11
16,1483.89701,1503.89601,11
16,1493.89701,1513.89601,11
16,1503.89701,1523.89601,11
16,1513.89701,1533.89601,11
16,1523.89701,1543.89601,11
16,1533.89701,1553.89601,11
16,1563.89801,1583.89701,1
16,1573.89801,1593.89701,1
16,1583.89801,1603.89701,1
16,1593.89801,1613.89701,1
16,1603.89801,1623.89701,1
16,1613.89801,1633.89701,1
16,1623.89801,1643.89701,1
16,1633.89801,1653.89701,1
16,1643.89801,1663.89701,1
16,1653.89801,1673.89701,1
16,1663.89801,1683.89701,1
16,1673.89801,1693.89701,1
16,1683.89801,1703.89701,1
16,1693.89801,1713.89701,1
16,1703.89801,1723.89701,1
16,1713.89801,1733.89701,1
16,1723.89801,1743.89701,1
16,1749.49801,1769.49701,11
16,1759.49801,1779.49701,11
16,1769.49801,1789.49701,11
16,1779.49801,1799.49701,11
16,1789.49801,1809.49701,11
16,1799.49801,1819.49701,11
16,1809.49801,1829.49701,11
16,1819.49801,1839.49701,11
16,1829.49801,1849.49701,11
16,1839.49801,1859.49701,11
16,1869.4940100000001,1889.49301,7
16,1879.4940100000001,1899.49301,7
16,1889.4940100000001,1909.49301,7
16,1899.4940100000001,1919.49301,7
16,1909.4940100000001,1929.49301,7
16,1919.4940100000001,1939.49301,7
16,1929.4940100000001,1949.49301,7
16,1939.4940100000001,1959.49301,7
16,1949.4940100000001,1969.49301,7
16,1959.4940100000001,1979.49301,7
16,1969.4940100000001,1989.49301,7
16,1979.4940100000001,1999.49301,7
16,1989.4940100000001,2009.49301,7
16,1999.4940100000001,2019.49301,7
16,2009.4940100000001,2029.49301,7
16,2019.4940100000001,2039.49301,7
16,2029.4940100000001,2049.49401,7
16,2039.4940100000001,2059.49401,7
16,2066.49401,2086.49301,11
16,2076.49401,2096.49301,11
16,2086.49401,2106.4930099999997,11
16,2096.49401,2116.4930099999997,11
16,2106.49401,2126.4930099999997,11
16,2116.49401,2136.4930099999997,11
16,2126.49401,2146.4930099999997,11
16,2136.49401,2156.4930099999997,11
16,2146.49401,2166.4930099999997,11
16,2156.49401,2176.4930099999997,11
16,2186.49601,2206.4950099999996,5
16,2196.49601,2216.4950099999996,5
16,2206.49601,2226.4950099999996,5
16,2216.49601,2236.4950099999996,5
16,2226.49601,2246.4950099999996,5
16,2236.49601,2256.4950099999996,5
16,2246.49601,2266.4950099999996,5
16,2256.49601,2276.4950099999996,5
16,2266.49601,2286.4950099999996,5
16,2276.49601,2296.4950099999996,5
16,2286.49601,2306.4950099999996,5
16,2296.49601,2316.4950099999996,5
16,2306.49601,2326.4950099999996,5
16,2331.59701,2351.5960099999998,12
16,2341.59701,2361.5960099999998,12
16,2351.59701,2371.5960099999998,12
16,2361.59701,2381.5960099999998,12
16,2371.59701,2391.5960099999998,12
16,2381.59701,2401.5960099999998,12
16,2391.59701,2411.5960099999998,12
16,2401.59701,2421.5960099999998,12
16,2411.59701,2431.5960099999998,12
16,2421.59701,2441.5960099999998,12
17,0.001,20.0,10
17,10.001,30.0,10
17,20.001,40.0,10
17,30.001,50.0,10
17,40.001,60.0,10
17,50.001,70.0,10
17,60.001,80.0,10
17,70.001,90.0,10
17,80.001,100.0,10
17,101.525,121.524,11
17,111.525,131.524,11
17,121.525,141.524,11
17,131.525,151.524,11
17,141.525,161.524,11
17,151.525,171.524,11
17,161.525,181.524,11
17,171.525,191.524,11
17,181.525,201.524,11
17,191.525,211.524,11
17,221.544,241.543,7
17,231.544,251.543,7
17,241.544,261.543,7
17,251.544,271.543,7
17,261.544,281.543,7
17,271.544,291.543,7
17,281.544,301.543,7
17,291.544,311.543,7
17,301.544,321.543,7
17,311.544,331.543,7
17,321.544,341.543,7
17,331.544,351.543,7
17,341.544,361.543,7
17,351.544,371.543,7
17,361.544,381.543,7
17,371.544,391.543,7
17,381.544,401.543,7
17,391.544,411.543,7
17,418.544,438.543,11
17,428.544,448.543,11
17,438.544,458.543,11
17,448.544,468.543,11
17,458.544,478.543,11
17,468.544,488.543,11
17,478.544,498.543,11
17,488.544,508.543,11
17,498.544,518.543,11
17,508.544,528.543,11
17,538.546,558.545,5
17,548.546,568.545,5
17,558.546,578.545,5
17,568.546,588.545,5
17,578.546,598.545,5
17,588.546,608.545,5
17,598.546,618.545,5
17,608.546,628.545,5
17,618.546,638.545,5
17,628.546,648.545,5
17,638.546,658.545,5
17,648.546,668.545,5
17,658.546,678.545,5
17,683.646,703.645,11
17,693.646,713.645,11
17,703.646,723.645,11
17,713.646,733.645,11
17,723.646,743.645,11
17,733.646,753.645,11
17,743.646,763.645,11
17,753.646,773.645,11
17,763.646,783.645,11
17,773.646,793.645,11
17,803.647,823.646,3
17,813.647,833.646,3
17,823.647,843.646,3
17,833.647,853.646,3
17,843.647,863.646,3
17,853.647,873.646,3
17,863.647,883.646,3
17,873.647,893.646,3
17,883.647,903.646,3
17,893.647,913.646,3
17,922.297,942.296,11
17,932.297,952.296,11
17,942.297,962.296,11
17,952.297,972.296,11
17,962.297,982.296,11
17,972.297,992.296,11
17,982.297,1002.296,11
17,992.297,1012.296,11
17,1002.297,1022.296,11
17,1012.297,1032.296,11
17,1042.298,1062.297,1
17,1052.298,1072.297,1
17,1062.298,1082.297,1
17,1072.298,1092.297,1
17,1082.298,1102.297,1
17,1092.298,1112.297,1
17,1102.298,1122.297,1
17,1112.298,1132.297,1
17,1122.298,1142.297,1
17,1132.298,1152.297,1
17,1142.298,1162.297,1
17,1152.298,1172.297,1
17,1162.298,1182.297,1
17,1172.298,1192.297,1
17,1182.298,1202.297,1
17,1192.298,1212.297,1
17,1202.298,1222.297,1
17,1227.898,1247.897,11
17,1237.898,1257.897,11
17,1247.898,1267.897,11
17,1257.898,1277.897,11
17,1267.898,1287.897,11
17,1277.898,1297.897,11
17,1287.898,1307.897,11
17,1297.898,1317.897,11
17,1307.898,1327.897,11
17,1317.898,1337.897,11
17,1347.892,1367.891,8
17,1357.892,1377.891,8
17,1367.892,1387.891,8
17,1377.892,1397.891,8
17,1387.892,1407.891,8
17,1397.892,1417.891,8
17,1407.892,1427.891,8
17,1417.892,1437.891,8
17,1427.892,1447.891,8
17,1437.892,1457.891,8
17,1447.892,1467.891,8
17,1457.892,1477.891,8
17,1467.892,1487.891,8
17,1491.642,1511.641,11
17,1501.642,1521.641,11
17,1511.642,1531.641,11
17,1521.642,1541.641,11
17,1531.642,1551.641,11
17,1541.642,1561.641,11
17,1551.642,1571.641,11
17,1561.642,1581.641,11
17,1571.642,1591.641,11
17,1581.642,1601.641,11
17,1611.646,1631.645,6
17,1621.646,1641.645,6
17,1631.646,1651.645,6
17,1641.646,1661.645,6
17,1651.646,1671.645,6
17,1661.646,1681.645,6
17,1671.646,1691.645,6
17,1681.646,1701.645,6
17,1691.646,1711.645,6
17,1701.646,1721.645,6
17,1711.646,1731.645,6
17,1721.646,1741.645,6
17,1731.646,1751.645,6
17,1758.396,1778.395,11
17,1768.396,1788.395,11
17,1778.396,1798.395,11
17,1788.396,1808.395,11
17,1798.396,1818.395,11
17,1808.396,1828.395,11
17,1818.396,1838.395,11
17,1828.396,1848.395,11
17,1838.396,1858.395,11
17,1848.396,1868.395,11
17,1878.397,1898.396,4
17,1888.397,1908.396,4
17,1898.397,1918.396,4
17,1908.397,1928.396,4
17,1918.397,1938.396,4
17,1928.397,1948.396,4
17,1938.397,1958.396,4
17,1948.397,1968.396,4
17,1958.397,1978.396,4
17,1968.397,1988.396,4
17,1978.397,1998.396,4
17,1988.397,2008.396,4
17,1998.397,2018.396,4
17,2008.397,2028.396,4
17,2018.397,2038.396,4
17,2038.497,2058.497,11
17,2048.498,2068.497,11
17,2058.498,2078.497,11
17,2068.498,2088.497,11
17,2078.498,2098.497,11
17,2088.498,2108.497,11
17,2098.498,2118.497,11
17,2108.498,2128.497,11
17,2118.498,2138.497,11
17,2128.498,2148.497,11
17,2158.498,2178.497,2
17,2168.498,2188.497,2
17,2178.498,2198.497,2
17,2188.498,2208.497,2
17,2198.498,2218.497,2
17,2208.498,2228.497,2
17,2218.498,2238.497,2
17,2228.498,2248.497,2
17,2238.498,2258.497,2
17,2248.498,2268.497,2
17,2258.498,2278.497,2
17,2268.498,2288.497,2
17,2278.498,2298.497,2
17,2288.498,2308.497,2
17,2298.498,2318.497,2
17,2308.498,2328.497,2
17,2331.598,2351.597,12
17,2341.598,2361.597,12
17,2351.598,2371.597,12
17,2361.598,2381.597,12
17,2371.598,2391.597,12
17,2381.598,2401.597,12
17,2391.598,2411.597,12
17,2401.598,2421.597,12
17,2411.598,2431.597,12
17,2421.598,2441.597,12
18,0.00101,20.001009999999997,10
18,10.00101,30.001009999999997,10
18,20.00201,40.00001,10
18,30.00201,50.00001,10
18,40.00101,60.00001,10
18,50.00101,70.00101,10
18,60.00101,80.00101,10
18,70.00201,90.00101,10
18,80.00201,100.00101,10
18,101.52501,121.52400999999999,11
18,111.52501,131.52401,11
18,121.52501,141.52401,11
18,131.52501,151.52401,11
18,141.52501,161.52401,11
18,151.52501,171.52401,11
18,161.52501,181.52401,11
18,171.52501,191.52401,11
18,181.52501,201.52401,11
18,191.52501,211.52401,11
18,221.54801,241.54701,2
18,231.54801,251.54701,2
18,241.54801,261.54701,2
18,251.54801,271.54701,2
18,261.54801000000003,281.54701,2
18,271.54801000000003,291.54701,2
18,281.54801000000003,301.54701,2
18,291.54801000000003,311.54701,2
18,301.54801000000003,321.54701,2
18,311.54801000000003,331.54701,2
18,321.54801000000003,341.54701,2
18,331.54801000000003,351.54701,2
18,341.54801000000003,361.54701,2
18,351.54801000000003,371.54701,2
18,361.54801000000003,381.54701,2
18,371.54801000000003,391.54701,2
18,394.64801,414.64701,11
18,404.64801,424.64701,11
18,414.64801,434.64701,11
18,424.64801,444.64701,11
18,434.64801,454.64701,11
18,444.64801,464.64701,11
18,454.64801,474.64701,11
18,464.64801,484.64701,11
18,474.64801,494.64701,11
18,484.64801,504.64701,11
18,514.64201,534.64101,8
18,524.64201,544.64101,8
18,534.64201,554.64101,8
18,544.64201,564.64101,8
18,554.64201,574.64101,8
18,564.64201,584.64101,8
18,574.64201,594.64101,8
18,584.64201,604.64101,8
18,594.64201,614.64101,8
18,604.64201,624.64101,8
18,614.64201,634.64101,8
18,624.64201,644.64101,8
18,634.64201,654.64101,8
18,658.39201,678.39101,11
18,668.39201,688.39101,11
18,678.39201,698.39101,11
18,688.39201,708.39101,11
18,698.39201,718.39101,11
18,708.39201,728.39101,11
18,718.39201,738.39101,11
18,728.39201,748.39101,11
18,738.39201,758.39101,11
18,748.39201,768.39101,11
18,778.39701,798.39601,4
18,788.39701,808.39601,4
18,798.39701,818.39601,4
18,808.39701,828.39601,4
18,818.39701,838.39601,4
18,828.39701,848.39601,4
18,838.39701,858.39601,4
18,848.39701,868.39601,4
18,858.39701,878.39601,4
18,868.39701,888.39601,4
18,878.39701,898.39601,4
18,888.39701,908.39601,4
18,898.39701,918.39601,4
18,908.39701,928.39601,4
18,918.39701,938.39601,4
18,938.49701,958.49601,11
18,948.49701,968.49601,11
18,958.49701,978.49601,11
18,968.49701,988.49601,11
18,978.49701,998.49601,11
18,988.49701,1008.49601,11
18,998.49701,1018.49601,11
18,1008.49701,1028.49601,11
18,1018.49701,1038.49601,11
18,1028.49701,1048.49601,11
18,1058.49501,1078.4940100000001,6
18,1068.49501,1088.4940100000001,6
18,1078.49501,1098.4940100000001,6
18,1088.49501,1108.4940100000001,6
18,1098.49501,1118.4940100000001,6
18,1108.49501,1128.4940100000001,6
18,1118.49501,1138.4940100000001,6
18,1128.49501,1148.4940100000001,6
18,1138.49501,1158.4940100000001,6
18,1148.49501,1168.4940100000001,6
18,1158.49501,1178.4940100000001,6
18,1168.49501,1188.4940100000001,6
18,1178.49501,1198.4940100000001,6
18,1205.24501,1225.2440100000001,11
18,1215.24501,1235.2440100000001,11
18,1225.24501,1245.2440100000001,11
18,1235.24501,1255.2440100000001,11
18,1245.24501,1265.2440100000001,11
18,1255.24501,1275.2440100000001,11
18,1265.24501,1285.2440100000001,11
18,1275.24501,1295.2440100000001,11
18,1285.24501,1305.2440100000001,11
18,1295.24501,1315.2440100000001,11
18,1325.24801,1345.24701,1
18,1335.24801,1355.24701,1
18,1345.24801,1365.24701,1
18,1355.24801,1375.24701,1
18,1365.24801,1385.24701,1
18,1375.24801,1395.24701,1
18,1385.24801,1405.24701,1
18,1395.24801,1415.24701,1
18,1405.24801,1425.24701,1
18,1415.24801,1435.24701,1
18,1425.24801,1445.24701,1
18,1435.24801,1455.24701,1
18,1445.24801,1465.24701,1
18,1455.24801,1475.24701,1
18,1465.24801,1485.24701,1
18,1475.24801,1495.24701,1
18,1485.24801,1505.24701,1
18,1510.84801,1530.84701,11
18,1520.84801,1540.84701,11
18,1530.84801,1550.84701,11
18,1540.84801,1560.84701,11
18,1550.84801,1570.84701,11
18,1560.84801,1580.84701,11
18,1570.84801,1590.84701,11
18,1580.84801,1600.84701,11
18,1590.84801,1610.84701,11
18,1600.84801,1620.84701,11
18,1630.84701,1650.84601,3
18,1640.84701,1660.84601,3
18,1650.84701,1670.84601,3
18,1660.84701,1680.84601,3
18,1670.84701,1690.84601,3
18,1680.84701,1700.84601,3
18,1690.84701,1710.84601,3
18,1700.84701,1720.84601,3
18,1710.84701,1730.84601,3
18,1720.84701,1740.84601,3
18,1749.49701,1769.49601,11
18,1759.49701,1779.49601,11
18,1769.49701,1789.49601,11
18,1779.49701,1799.49601,11
18,1789.49701,1809.49601,11
18,1799.49701,1819.49601,11
18,1809.49701,1829.49601,11
18,1819.49701,1839.49601,11
18,1829.49701,1849.49601,11
18,1839.49701,1859.49601,11
18,1869.4940100000001,1889.49301,7
18,1879.4940100000001,1899.49301,7
18,1889.4940100000001,1909.49301,7
18,1899.4940100000001,1919.49301,7
18,1909.4940100000001,1929.49301,7
18,1919.4940100000001,1939.49301,7
18,1929.4940100000001,1949.49301,7
18,1939.4940100000001,1959.49301,7
18,1949.4940100000001,1969.49301,7
18,1959.4940100000001,1979.49301,7
18,1969.4940100000001,1989.49301,7
18,1979.4940100000001,1999.49301,7
18,1989.4940100000001,2009.49301,7
18,1999.4940100000001,2019.49301,7
18,2009.4940100000001,2029.49301,7
18,2019.4940100000001,2039.49301,7
18,2029.4940100000001,2049.49401,7
18,2039.4940100000001,2059.49401,7
18,2066.49401,2086.49301,11
18,2076.49401,2096.49301,11
18,2086.49401,2106.4930099999997,11
18,2096.49401,2116.4930099999997,11
18,2106.49401,2126.4930099999997,11
18,2116.49401,2136.4930099999997,11
18,2126.49401,2146.4930099999997,11
18,2136.49401,2156.4930099999997,11
18,2146.49401,2166.4930099999997,11
18,2156.49401,2176.4930099999997,11
18,2186.49601,2206.4950099999996,5
18,2196.49601,2216.4950099999996,5
18,2206.49601,2226.4950099999996,5
18,2216.49601,2236.4950099999996,5
18,2226.49601,2246.4950099999996,5
18,2236.49601,2256.4950099999996,5
18,2246.49601,2266.4950099999996,5
18,2256.49601,2276.4950099999996,5
18,2266.49601,2286.4950099999996,5
18,2276.49601,2296.4950099999996,5
18,2286.49601,2306.4950099999996,5
18,2296.49601,2316.4950099999996,5
18,2306.49601,2326.4950099999996,5
18,2331.59701,2351.5960099999998,12
18,2341.59701,2361.5960099999998,12
18,2351.59701,2371.5960099999998,12
18,2361.59701,2381.5960099999998,12
18,2371.59701,2391.5960099999998,12
18,2381.59701,2401.5960099999998,12
18,2391.59701,2411.5960099999998,12
18,2401.59701,2421.5960099999998,12
18,2411.59701,2431.5960099999998,12
18,2421.59701,2441.5960099999998,12
19,0.00101,20.001009999999997,10
19,10.00101,30.001009999999997,10
19,20.00201,40.00001,10
19,30.00201,50.00001,10
19,40.00101,60.00001,10
19,50.00101,70.00101,10
19,60.00101,80.00101,10
19,70.00201,90.00101,10
19,80.00201,100.00101,10
19,101.52501,121.52400999999999,11
19,111.52501,131.52401,11
19,121.52501,141.52401,11
19,131.52501,151.52401,11
19,141.52501,161.52401,11
19,151.52501,171.52401,11
19,161.52501,181.52401,11
19,171.52501,191.52401,11
19,181.52501,201.52401,11
19,191.52501,211.52401,11
19,221.54701,241.54601,3
19,231.54701,251.54601,3
19,241.54701,261.54601,3
19,251.54701,271.54601,3
19,261.54701,281.54601,3
19,271.54701,291.54601,3
19,281.54701,301.54601,3
19,291.54701,311.54601,3
19,301.54701,321.54601,3
19,311.54701,331.54601,3
19,340.19701000000003,360.19601,11
19,350.19701000000003,370.19601,11
19,360.19701000000003,380.19601,11
19,370.19701000000003,390.19601,11
19,380.19701000000003,400.19601,11
19,390.19701000000003,410.19601,11
19,400.19701000000003,420.19601,11
19,410.19701000000003,430.19601,11
19,420.19701000000003,440.19601,11
19,430.19701000000003,450.19601,11
19,460.19801,480.19701000000003,1
19,470.19801,490.19701000000003,1
19,480.19801,500.19701000000003,1
19,490.19801,510.19701000000003,1
19,500.19801,520.19801,1
19,510.19801,530.19801,1
19,520.19901,540.19801,1
19,530.19901,550.19801,1
19,540.19901,560.19801,1
19,550.19901,570.19801,1
19,560.19901,580.19801,1
19,570.19901,590.19801,1
19,580.19901,600.19801,1
19,590.19901,610.19801,1
19,600.19901,620.19801,1
19,610.19901,630.19801,1
19,620.19901,640.19801,1
19,645.79801,665.79701,11
19,655.79801,675.79701,11
19,665.79801,685.79701,11
19,675.79801,695.79701,11
19,685.79801,705.79701,11
19,695.79801,715.79701,11
19,705.79801,725.79701,11
19,715.79801,735.79701,11
19,725.79801,745.79701,11
19,735.79801,755.79701,11
19,765.79401,785.79301,7
19,775.79401,795.79301,7
19,785.79401,805.79301,7
19,795.79401,815.79301,7
19,805.79401,825.79301,7
19,815.79401,835.79301,7
19,825.79401,845.79301,7
19,835.79401,855.79301,7
19,845.79401,865.79301,7
19,855.79401,875.79301,7
19,865.79401,885.79301,7
19,875.79401,895.79301,7
19,885.79401,905.79301,7
19,895.79401,915.79301,7
19,905.79401,925.79301,7
19,915.79401,935.79301,7
19,925.79401,945.79301,7
19,935.79401,955.79301,7
19,962.79401,982.79301,11
19,972.79401,992.79301,11
19,982.79401,1002.79301,11
19,992.79401,1012.79301,11
19,1002.79401,1022.79301,11
19,1012.79401,1032.79301,11
19,1022.79401,1042.79301,11
19,1032.79401,1052.79301,11
19,1042.79401,1062.79301,11
19,1052.79401,1072.79301,11
19,1082.79601,1102.79501,5
19,1092.79601,1112.79501,5
19,1102.79601,1122.79501,5
19,1112.79601,1132.79501,5
19,1122.79601,1142.79501,5
19,1132.79601,1152.79501,5
19,1142.79601,1162.79501,5
19,1152.79601,1172.79501,5
19,1162.79601,1182.79501,5
19,1172.79601,1192.79501,5
19,1182.79601,1202.79501,5
19,1192.79601,1212.79501,5
19,1202.79601,1222.79501,5
19,1227.89601,1247.89501,11
19,1237.89601,1257.89501,11
19,1247.89601,1267.89501,11
19,1257.89601,1277.89501,11
19,1267.89601,1287.89501,11
19,1277.89601,1297.89501,11
19,1287.89601,1307.89501,11
19,1297.89601,1317.89501,11
19,1307.89601,1327.89501,11
19,1317.89601,1337.89501,11
19,1347.89701,1367.89601,4
19,1357.89701,1377.89601,4
19,1367.89701,1387.89601,4
19,1377.89701,1397.89601,4
19,1387.89701,1407.89601,4
19,1397.89701,1417.89601,4
19,1407.89701,1427.89601,4
19,1417.89701,1437.89601,4
19,1427.89701,1447.89601,4
19,1437.89701,1457.89601,4
19,1447.89701,1467.89601,4
19,1457.89701,1477.89601,4
19,1467.89701,1487.89601,4
19,1477.89701,1497.89601,4
19,1487.89701,1507.89601,4
19,1507.99701,1527.99601,11
19,1517.99701,1537.99601,11
19,1527.99701,1547.99601,11
19,1537.99701,1557.99601,11
19,1547.99701,1567.99601,11
19,1557.99701,1577.99601,11
19,1567.99701,1587.99601,11
19,1577.99701,1597.99601,11
19,1587.99701,1607.99601,11
19,1597.99701,1617.99601,11
19,1627.99801,1647.99701,2
19,1637.99801,1657.99701,2
19,1647.99801,1667.99701,2
19,1657.99801,1677.99701,2
19,1667.99801,1687.99701,2
19,1677.99801,1697.99701,2
19,1687.99801,1707.99701,2
19,1697.99801,1717.99701,2
19,1707.99801,1727.99701,2
19,1717.99801,1737.99701,2
19,1727.99801,1747.99701,2
19,1737.99801,1757.99701,2
19,1747.99801,1767.99701,2
19,1757.99801,1777.99701,2
19,1767.99801,1787.99701,2
19,1777.99801,1797.99701,2
19,1801.09801,1821.09701,11
19,1811.09801,1831.09701,11
19,1821.09801,1841.09701,11
19,1831.09801,1851.09701,11
19,1841.09801,1861.09701,11
19,1851.09801,1871.09701,11
19,1861.09801,1881.09701,11
19,1871.09801,1891.09701,11
19,1881.09801,1901.09701,11
19,1891.09801,1911.09701,11
19,1921.09501,1941.09401,6
19,1931.09501,1951.09401,6
19,1941.09501,1961.09401,6
19,1951.09501,1971.09401,6
19,1961.09501,1981.09401,6
19,1971.09501,1991.09401,6
19,1981.09501,2001.09401,6
19,1991.09501,2011.09401,6
19,2001.09501,2021.09401,6
19,2011.09501,2031.09401,6
19,2021.09501,2041.09401,6
19,2031.09501,2051.09401,6
19,2041.09501,2061.09401,6
19,2067.84501,2087.84401,11
19,2077.84501,2097.84401,11
19,2087.84501,2107.84401,11
19,2097.84501,2117.84401,11
19,2107.84501,2127.84401,11
19,2117.84501,2137.84401,11
19,2127.84501,2147.84401,11
19,2137.84501,2157.84401,11
19,2147.84501,2167.84401,11
19,2157.84501,2177.84401,11
19,2187.84201,2207.8410099999996,8
19,2197.84201,2217.8410099999996,8
19,2207.84201,2227.8410099999996,8
19,2217.84201,2237.8410099999996,8
19,2227.84201,2247.8410099999996,8
19,2237.84201,2257.8410099999996,8
19,2247.84201,2267.8410099999996,8
19,2257.84201,2277.8410099999996,8
19,2267.84201,2287.8410099999996,8
19,2277.84201,2297.8410099999996,8
19,2287.84201,2307.8410099999996,8
19,2297.84201,2317.8410099999996,8
19,2307.84201,2327.8410099999996,8
19,2331.59401,2351.5930099999996,12
19,2341.59401,2361.5930099999996,12
19,2351.59401,2371.5930099999996,12
19,2361.59401,2381.5930099999996,12
19,2371.59401,2391.5930099999996,12
19,2381.59401,2401.5930099999996,12
19,2391.59401,2411.5930099999996,12
19,2401.59401,2421.5930099999996,12
19,2411.59401,2431.5930099999996,12
19,2421.59401,2441.5930099999996,12
20,0.00101,20.001009999999997,10
20,10.00101,30.001009999999997,10
20,20.00201,40.00001,10
20,30.00201,50.00001,10
20,40.00101,60.00001,10
20,50.00101,70.00101,10
20,60.00101,80.00101,10
20,70.00201,90.00101,10
20,80.00201,100.00101,10
20,101.52501,121.52400999999999,11
20,111.52501,131.52401,11
20,121.52501,141.52401,11
20,131.52501,151.52401,11
20,141.52501,161.52401,11
20,151.52501,171.52401,11
20,161.52501,181.52401,11
20,171.52501,191.52401,11
20,181.52501,201.52401,11
20,191.52501,211.52401,11
20,221.54701,241.54601,4
20,231.54701,251.54601,4
20,241.54701,261.54601,4
20,251.54701,271.54601,4
20,261.54701,281.54601,4
20,271.54701,291.54601,4
20,281.54701,301.54601,4
20,291.54701,311.54601,4
20,301.54701,321.54601,4
20,311.54701,331.54601,4
20,321.54701,341.54601,4
20,331.54701,351.54601,4
20,341.54701,361.54601,4
20,351.54701,371.54601,4
20,361.54701,381.54601,4
20,381.64701,401.64601,11
20,391.64701,411.64601,11
20,401.64701,421.64601,11
20,411.64701,431.64601,11
20,421.64701,441.64601,11
20,431.64701,451.64601,11
20,441.64701,461.64601,11
20,451.64701,471.64601,11
20,461.64701,481.64601,11
20,471.64701,491.64601,11
20,501.64201,521.64101,8
20,511.64201,531.64101,8
20,521.64201,541.64101,8
20,531.64201,551.64101,8
20,541.64201,561.64101,8
20,551.64201,571.64101,8
20,561.64201,581.64101,8
20,571.64201,591.64101,8
20,581.64201,601.64101,8
20,591.64201,611.64101,8
20,601.64201,621.64101,8
20,611.64201,631.64101,8
20,621.64201,641.64101,8
20,645.39201,665.39101,11
20,655.39201,675.39101,11
20,665.39201,685.39101,11
20,675.39201,695.39101,11
20,685.39201,705.39101,11
20,695.39201,715.39101,11
20,705.39201,725.39101,11
20,715.39201,735.39101,11
20,725.39201,745.39101,11
20,735.39201,755.39101,11
20,765.39801,785.39701,2
20,775.39801,795.39701,2
20,785.39801,805.39701,2
20,795.39801,815.39701,2
20,805.39801,825.39701,2
20,815.39801,835.39701,2
20,825.39801,845.39701,2
20,835.39801,855.39701,2
20,845.39801,865.39701,2
20,855.39801,875.39701,2
20,865.39801,885.39701,2
20,875.39801,895.39701,2
20,885.39801,905.39701,2
20,895.39801,915.39701,2
20,905.39801,925.39701,2
20,915.39801,935.39701,2
20,938.49801,958.49701,11
20,948.49801,968.49701,11
20,958.49801,978.49701,11
20,968.49801,988.49701,11
20,978.49801,998.49701,11
20,988.49801,1008.49701,11
20,998.49801,1018.49701,11
20,1008.49801,1028.49701,11
20,1018.49801,1038.49701,11
20,1028.49801,1048.49701,11
20,1058.49501,1078.4940100000001,6
20,1068.49501,1088.4940100000001,6
20,1078.49501,1098.4940100000001,6
20,1088.49501,1108.4940100000001,6
20,1098.49501,1118.4940100000001,6
20,1108.49501,1128.4940100000001,6
20,1118.49501,1138.4940100000001,6
20,1128.49501,1148.4940100000001,6
20,1138.49501,1158.4940100000001,6
20,1148.49501,1168.4940100000001,6
20,1158.49501,1178.4940100000001,6
20,1168.49501,1188.4940100000001,6
20,1178.49501,1198.4940100000001,6
20,1205.24501,1225.2440100000001,11
20,1215.24501,1235.2440100000001,11
20,1225.24501,1245.2440100000001,11
20,1235.24501,1255.2440100000001,11
20,1245.24501,1265.2440100000001,11
20,1255.24501,1275.2440100000001,11
20,1265.24501,1285.2440100000001,11
20,1275.24501,1295.2440100000001,11
20,1285.24501,1305.2440100000001,11
20,1295.24501,1315.2440100000001,11
20,1325.24701,1345.24601,3
20,1335.24701,1355.24601,3
20,1345.24701,1365.24601,3
20,1355.24701,1375.24601,3
20,1365.24701,1385.24601,3
20,1375.24701,1395.24601,3
20,1385.24701,1405.24601,3
20,1395.24701,1415.24601,3
20,1405.24701,1425.24601,3
20,1415.24701,1435.24601,3
20,1443.89701,1463.89601,11
20,1453.89701,1473.89601,11
20,1463.89701,1483.89601,11
20,1473.89701,1493.89601,11
20,1483.89701,1503.89601,11
20,1493.89701,1513.89601,11
20,1503.89701,1523.89601,11
20,1513.89701,1533.89601,11
20,1523.89701,1543.89601,11
20,1533.89701,1553.89601,11
20,1563.89801,1583.89701,1
20,1573.89801,1593.89701,1
20,1583.89801,1603.89701,1
20,1593.89801,1613.89701,1
20,1603.89801,1623.89701,1
20,1613.89801,1633.89701,1
20,1623.89801,1643.89701,1
20,1633.89801,1653.89701,1
20,1643.89801,1663.89701,1
20,1653.89801,1673.89701,1
20,1663.89801,1683.89701,1
20,1673.89801,1693.89701,1
20,1683.89801,1703.89701,1
20,1693.89801,1713.89701,1
20,1703.89801,1723.89701,1
20,1713.89801,1733.89701,1
20,1723.89801,1743.89701,1
20,1749.49801,1769.49701,11
20,1759.49801,1779.49701,11
20,1769.49801,1789.49701,11
20,1779.49801,1799.49701,11
20,1789.49801,1809.49701,11
20,1799.49801,1819.49701,11
20,1809.49801,1829.49701,11
20,1819.49801,1839.49701,11
20,1829.49801,1849.49701,11
20,1839.49801,1859.49701,11
20,1869.49601,1889.49501,5
20,1879.49601,1899.49501,5
20,1889.49601,1909.49501,5
20,1899.49601,1919.49501,5
20,1909.49601,1929.49501,5
20,1919.49601,1939.49501,5
20,1929.49601,1949.49501,5
20,1939.49601,1959.49501,5
20,1949.49601,1969.49501,5
20,1959.49601,1979.49501,5
20,1969.49601,1989.49501,5
20,1979.49601,1999.49501,5
20,1989.49601,2009.49501,5
20,2014.59601,2034.59501,11
20,2024.59601,2044.59501,11
20,2034.59601,2054.59501,11
20,2044.59601,2064.59501,11
20,2054.59601,2074.59501,11
20,2064.59601,2084.59501,11
20,2074.59601,2094.59501,11
20,2084.59601,2104.5960099999998,11
20,2094.59601,2114.5960099999998,11
20,2104.59701,2124.5960099999998,11
20,2134.59401,2154.5930099999996,7
20,2144.59401,2164.5930099999996,7
20,2154.59401,2174.5930099999996,7
20,2164.59401,2184.5930099999996,7
20,2174.59401,2194.5930099999996,7
20,2184.59401,2204.5930099999996,7
20,2194.59401,2214.5930099999996,7
20,2204.59401,2224.5930099999996,7
20,2214.59401,2234.5930099999996,7
20,2224.59401,2244.5930099999996,7
20,2234.59401,2254.5930099999996,7
20,2244.59401,2264.5930099999996,7
20,2254.59401,2274.5930099999996,7
20,2264.59401,2284.5930099999996,7
20,2274.59401,2294.5930099999996,7
20,2284.59401,2304.5930099999996,7
20,2294.59401,2314.5930099999996,7
20,2304.59401,2324.5930099999996,7
20,2331.59501,2351.59401,12
20,2341.59501,2361.59401,12
20,2351.59501,2371.59401,12
20,2361.59501,2381.59401,12
20,2371.59501,2391.59401,12
20,2381.59501,2401.59401,12
20,2391.59501,2411.59401,12
20,2401.59501,2421.59401,12
20,2411.59501,2431.59401,12
20,2421.59501,2441.59401,12
21,0.00101,20.001009999999997,10
21,10.00101,30.001009999999997,10
21,20.00201,40.00001,10
21,30.00201,50.00001,10
21,40.00101,60.00001,10
21,50.00101,70.00101,10
21,60.00101,80.00101,10
21,70.00201,90.00101,10
21,80.00201,100.00101,10
21,101.52501,121.52400999999999,11
21,111.52501,131.52401,11
21,121.52501,141.52401,11
21,131.52501,151.52401,11
21,141.52501,161.52401,11
21,151.52501,171.52401,11
21,161.52501,181.52401,11
21,171.52501,191.52401,11
21,181.52501,201.52401,11
21,191.52501,211.52401,11
21,221.54801,241.54701,1
21,231.54801,251.54701,1
21,241.54801,261.54701,1
21,251.54801,271.54701,1
21,261.54801000000003,281.54701,1
21,271.54801000000003,291.54701,1
21,281.54801000000003,301.54701,1
21,291.54801000000003,311.54701,1
21,301.54801000000003,321.54701,1
21,311.54801000000003,331.54701,1
21,321.54801000000003,341.54701,1
21,331.54801000000003,351.54701,1
21,341.54801000000003,361.54701,1
21,351.54801000000003,371.54701,1
21,361.54801000000003,381.54701,1
21,371.54801000000003,391.54701,1
21,381.54801000000003,401.54701,1
21,407.14801,427.14701,11
21,417.14801,437.14701,11
21,427.14801,447.14701,11
21,437.14801,457.14701,11
21,447.14801,467.14701,11
21,457.14801,477.14701,11
21,467.14801,487.14701,11
21,477.14801,497.14701,11
21,487.14801,507.14701,11
21,497.14801,517.14701,11
21,527.14601,547.14501,5
21,537.14601,557.14501,5
21,547.14601,567.14501,5
21,557.14601,577.14501,5
21,567.14601,587.14501,5
21,577.14601,597.14501,5
21,587.14601,607.14501,5
21,597.14601,617.14501,5
21,607.14601,627.14501,5
21,617.14601,637.14501,5
21,627.14601,647.14501,5
21,637.14601,657.14501,5
21,647.14601,667.14501,5
21,672.24601,692.24501,11
21,682.24601,702.24501,11
21,692.24601,712.24501,11
21,702.24601,722.24501,11
21,712.24601,732.24501,11
21,722.24601,742.24501,11
21,732.24601,752.24501,11
21,742.24601,762.24501,11
21,752.24601,772.24501,11
21,762.24601,782.24501,11
21,792.24701,812.24601,3
21,802.24701,822.24601,3
21,812.24701,832.24601,3
21,822.24701,842.24601,3
21,832.24701,852.24601,3
21,842.24701,862.24601,3
21,852.24701,872.24601,3
21,862.24701,882.24601,3
21,872.24701,892.24601,3
21,882.24701,902.24601,3
21,910.89701,930.89601,11
21,920.89701,940.89601,11
21,930.89701,950.89601,11
21,940.89701,960.89601,11
21,950.89701,970.89601,11
21,960.89701,980.89601,11
21,970.89701,990.89601,11
21,980.89701,1000.89601,11
21,990.89701,1010.89601,11
21,1000.89701,1020.89601,11
21,1030.89401,1050.89301,7
21,1040.89401,1060.89301,7
21,1050.89401,1070.89301,7
21,1060.89401,1080.89301,7
21,1070.89401,1090.89301,7
21,1080.89401,1100.89301,7
21,1090.89401,1110.89301,7
21,1100.89401,1120.89301,7
21,1110.89401,1130.89301,7
21,1120.89401,1140.89301,7
21,1130.89401,1150.89301,7
21,1140.89401,1160.89301,7
21,1150.89401,1170.89301,7
21,1160.89401,1180.89301,7
21,1170.89401,1190.89301,7
21,1180.89401,1200.89301,7
21,1190.89401,1210.89301,7
21,1200.89401,1220.89301,7
21,1227.89401,1247.89301,11
21,1237.89401,1257.89301,11
21,1247.89401,1267.89301,11
21,1257.89401,1277.89301,11
21,1267.89401,1287.89301,11
21,1277.89401,1297.89301,11
21,1287.89401,1307.89301,11
21,1297.89401,1317.89301,11
21,1307.89401,1327.89301,11
21,1317.89401,1337.89301,11
21,1347.89501,1367.89401,6
21,1357.89501,1377.89401,6
21,1367.89501,1387.89401,6
21,1377.89501,1397.89401,6
21,1387.89501,1407.89401,6
21,1397.89501,1417.89401,6
21,1407.89501,1427.89401,6
21,1417.89501,1437.89401,6
21,1427.89501,1447.89401,6
21,1437.89501,1457.89401,6
21,1447.89501,1467.89401,6
21,1457.89501,1477.89401,6
21,1467.89501,1487.89401,6
21,1494.64501,1514.64401,11
21,1504.64501,1524.64401,11
21,1514.64501,1534.64401,11
21,1524.64501,1544.64401,11
21,1534.64501,1554.64401,11
21,1544.64501,1564.64401,11
21,1554.64501,1574.64401,11
21,1564.64501,1584.64401,11
21,1574.64501,1594.64401,11
21,1584.64501,1604.64401,11
21,1614.64701,1634.64601,4
21,1624.64701,1644.64601,4
21,1634.64701,1654.64601,4
21,1644.64701,1664.64601,4
21,1654.64701,1674.64601,4
21,1664.64701,1684.64601,4
21,1674.64701,1694.64601,4
21,1684.64701,1704.64601,4
21,1694.64701,1714.64601,4
21,1704.64701,1724.64601,4
21,1714.64701,1734.64601,4
21,1724.64701,1744.64601,4
21,1734.64701,1754.64601,4
21,1744.64701,1764.64601,4
21,1754.64701,1774.64601,4
21,1774.74701,1794.74601,11
21,1784.74701,1804.74601,11
21,1794.74701,1814.74601,11
21,1804.74701,1824.74601,11
21,1814.74701,1834.74601,11
21,1824.74701,1844.74601,11
21,1834.74701,1854.74601,11
21,1844.74701,1864.74601,11
21,1854.74701,1874.74601,11
21,1864.74701,1884.74601,11
21,1894.74801,1914.74701,2
21,1904.74801,1924.74701,2
21,1914.74801,1934.74701,2
21,1924.74801,1944.74701,2
21,1934.74801,1954.74701,2
21,1944.74801,1964.74701,2
21,1954.74801,1974.74701,2
21,1964.74801,1984.74701,2
21,1974.74801,1994.74701,2
21,1984.74801,2004.74701,2
21,1994.74801,2014.74701,2
21,2004.74801,2024.74701,2
21,2014.74801,2034.74701,2
21,2024.74801,2044.74701,2
21,2034.74801,2054.74801,2
21,2044.74801,2064.74801,2
21,2067.84801,2087.84701,11
21,2077.84801,2097.8480099999997,11
21,2087.84801,2107.8480099999997,11
21,2097.84901,2117.8480099999997,11
21,2107.84901,2127.8480099999997,11
21,2117.84901,2137.8480099999997,11
21,2127.84901,2147.8480099999997,11
21,2137.84901,2157.8480099999997,11
21,2147.84901,2167.8480099999997,11
21,2157.84901,2177.8480099999997,11
21,2187.84201,2207.8410099999996,8
21,2197.84201,2217.8410099999996,8
21,2207.84201,2227.8410099999996,8
21,2217.84201,2237.8410099999996,8
21,2227.84201,2247.8410099999996,8
21,2237.84201,2257.8410099999996,8
21,2247.84201,2267.8410099999996,8
21,2257.84201,2277.8410099999996,8
21,2267.84201,2287.8410099999996,8
21,2277.84201,2297.8410099999996,8
21,2287.84201,2307.8410099999996,8
21,2297.84201,2317.8410099999996,8
21,2307.84201,2327.8410099999996,8
21,2331.59401,2351.5930099999996,12
21,2341.59401,2361.5930099999996,12
21,2351.59401,2371.5930099999996,12
21,2361.59401,2381.5930099999996,12
21,2371.59401,2391.5930099999996,12
21,2381.59401,2401.5930099999996,12
21,2391.59401,2411.5930099999996,12
21,2401.59401,2421.5930099999996,12
21,2411.59401,2431.5930099999996,12
21,2421.59401,2441.5930099999996,12
22,1e-05,19.99901,10
22,10.00001,29.99901,10
22,20.00001,39.999010000000006,10
22,30.00001,49.999010000000006,10
22,40.00001,59.999010000000006,10
22,50.00001,70.00000999999999,10
22,60.00001,80.00000999999999,10
22,70.00101,90.00000999999999,10
22,80.00101,100.00000999999999,10
22,101.52501,121.52400999999999,11
22,111.52501,131.52401,11
22,121.52501,141.52401,11
22,131.52501,151.52401,11
22,141.52501,161.52401,11
22,151.52501,171.52401,11
22,161.52501,181.52401,11
22,171.52501,191.52401,11
22,181.52501,201.52401,11
22,191.52501,211.52401,11
22,221.54801,241.54701,2
22,231.54801,251.54701,2
22,241.54801,261.54701,2
22,251.54801,271.54701,2
22,261.54801000000003,281.54701,2
22,271.54801000000003,291.54701,2
22,281.54801000000003,301.54701,2
22,291.54801000000003,311.54701,2
22,301.54801000000003,321.54701,2
22,311.54801000000003,331.54701,2
22,321.54801000000003,341.54701,2
22,331.54801000000003,351.54701,2
22,341.54801000000003,361.54701,2
22,351.54801000000003,371.54701,2
22,361.54801000000003,381.54701,2
22,371.54801000000003,391.54701,2
22,394.64801,414.64701,11
22,404.64801,424.64701,11
22,414.64801,434.64701,11
22,424.64801,444.64701,11
22,434.64801,454.64701,11
22,444.64801,464.64701,11
22,454.64801,474.64701,11
22,464.64801,484.64701,11
22,474.64801,494.64701,11
22,484.64801,504.64701,11
22,514.64201,534.64101,8
22,524.64201,544.64101,8
22,534.64201,554.64101,8
22,544.64201,564.64101,8
22,554.64201,574.64101,8
22,564.64201,584.64101,8
22,574.64201,594.64101,8
22,584.64201,604.64101,8
22,594.64201,614.64101,8
22,604.64201,624.64101,8
22,614.64201,634.64101,8
22,624.64201,644.64101,8
22,634.64201,654.64101,8
22,658.39201,678.39101,11
22,668.39201,688.39101,11
22,678.39201,698.39101,11
22,688.39201,708.39101,11
22,698.39201,718.39101,11
22,708.39201,728.39101,11
22,718.39201,738.39101,11
22,728.39201,748.39101,11
22,738.39201,758.39101,11
22,748.39201,768.39101,11
22,778.39701,798.39601,4
22,788.39701,808.39601,4
22,798.39701,818.39601,4
22,808.39701,828.39601,4
22,818.39701,838.39601,4
22,828.39701,848.39601,4
22,838.39701,858.39601,4
22,848.39701,868.39601,4
22,858.39701,878.39601,4
22,868.39701,888.39601,4
22,878.39701,898.39601,4
22,888.39701,908.39601,4
22,898.39701,918.39601,4
22,908.39701,928.39601,4
22,918.39701,938.39601,4
22,938.49701,958.49601,11
22,948.49701,968.49601,11
22,958.49701,978.49601,11
22,968.49701,988.49601,11
22,978.49701,998.49601,11
22,988.49701,1008.49601,11
22,998.49701,1018.49601,11
22,1008.49701,1028.49601,11
22,1018.49701,1038.49601,11
22,1028.49701,1048.49601,11
22,1058.49501,1078.4940100000001,6
22,1068.49501,1088.4940100000001,6
22,1078.49501,1098.4940100000001,6
22,1088.49501,1108.4940100000001,6
22,1098.49501,1118.4940100000001,6
22,1108.49501,1128.4940100000001,6
22,1118.49501,1138.4940100000001,6
22,1128.49501,1148.4940100000001,6
22,1138.49501,1158.4940100000001,6
22,1148.49501,1168.4940100000001,6
22,1158.49501,1178.4940100000001,6
22,1168.49501,1188.4940100000001,6
22,1178.49501,1198.4940100000001,6
22,1205.24501,1225.2440100000001,11
22,1215.24501,1235.2440100000001,11
22,1225.24501,1245.2440100000001,11
22,1235.24501,1255.2440100000001,11
22,1245.24501,1265.2440100000001,11
22,1255.24501,1275.2440100000001,11
22,1265.24501,1285.2440100000001,11
22,1275.24501,1295.2440100000001,11
22,1285.24501,1305.2440100000001,11
22,1295.24501,1315.2440100000001,11
22,1325.2440100000001,1345.24301,7
22,1335.2440100000001,1355.24301,7
22,1345.2440100000001,1365.24301,7
22,1355.2440100000001,1375.24301,7
22,1365.2440100000001,1385.24301,7
22,1375.2440100000001,1395.24301,7
22,1385.2440100000001,1405.24301,7
22,1395.2440100000001,1415.24301,7
22,1405.2440100000001,1425.24301,7
22,1415.2440100000001,1435.24301,7
22,1425.2440100000001,1445.24301,7
22,1435.2440100000001,1455.24301,7
22,1445.2440100000001,1465.24301,7
22,1455.2440100000001,1475.24301,7
22,1465.2440100000001,1485.24301,7
22,1475.2440100000001,1495.24301,7
22,1485.2440100000001,1505.24301,7
22,1495.2440100000001,1515.24301,7
22,1522.2440100000001,1542.24301,11
22,1532.2440100000001,1552.24301,11
22,1542.2440100000001,1562.24301,11
22,1552.2440100000001,1572.24301,11
22,1562.2440100000001,1582.24301,11
22,1572.2440100000001,1592.24301,11
22,1582.2440100000001,1602.24301,11
22,1592.2440100000001,1612.24301,11
22,1602.2440100000001,1622.24301,11
22,1612.2440100000001,1632.24301,11
22,1642.24601,1662.24501,5
22,1652.24601,1672.24501,5
22,1662.24601,1682.24501,5
22,1672.24601,1692.24501,5
22,1682.24601,1702.24501,5
22,1692.24601,1712.24501,5
22,1702.24601,1722.24501,5
22,1712.24601,1732.24501,5
22,1722.24601,1742.24501,5
22,1732.24601,1752.24501,5
22,1742.24601,1762.24501,5
22,1752.24601,1772.24501,5
22,1762.24601,1782.24501,5
22,1787.34601,1807.34501,11
22,1797.34601,1817.34501,11
22,1807.34601,1827.34501,11
22,1817.34601,1837.34501,11
22,1827.34601,1847.34501,11
22,1837.34601,1857.34501,11
22,1847.34601,1867.34501,11
22,1857.34601,1877.34501,11
22,1867.34601,1887.34501,11
22,1877.34601,1897.34501,11
22,1907.34701,1927.34601,3
22,1917.34701,1937.34601,3
22,1927.34701,1947.34601,3
22,1937.34701,1957.34601,3
22,1947.34701,1967.34601,3
22,1957.34701,1977.34601,3
22,1967.34701,1987.34601,3
22,1977.34701,1997.34601,3
22,1987.34701,2007.34601,3
22,1997.34701,2017.34601,3
22,2025.99701,2045.99601,11
22,2035.99701,2055.99601,11
22,2045.99701,2065.99601,11
22,2055.99701,2075.99601,11
22,2065.99701,2085.99601,11
22,2075.99701,2095.99601,11
22,2085.99701,2105.9970099999996,11
22,2095.99701,2115.9970099999996,11
22,2105.99801,2125.9970099999996,11
22,2115.99801,2135.9970099999996,11
22,2145.99801,2165.9970099999996,1
22,2155.99801,2175.9970099999996,1
22,2165.99801,2185.9970099999996,1
22,2175.99801,2195.9970099999996,1
22,2185.99801,2205.9970099999996,1
22,2195.99801,2215.9970099999996,1
22,2205.99801,2225.9970099999996,1
22,2215.99801,2235.9970099999996,1
22,2225.99801,2245.9970099999996,1
22,2235.99801,2255.9970099999996,1
22,2245.99801,2265.9970099999996,1
22,2255.99801,2275.9970099999996,1
22,2265.99801,2285.9970099999996,1
22,2275.99801,2295.9970099999996,1
22,2285.99801,2305.9970099999996,1
22,2295.99801,2315.9970099999996,1
22,2305.99801,2325.9970099999996,1
22,2331.5980099999997,2351.59701,12
22,2341.5980099999997,2361.59701,12
22,2351.5980099999997,2371.59701,12
22,2361.5980099999997,2381.59701,12
22,2371.5980099999997,2391.59701,12
22,2381.5980099999997,2401.59701,12
22,2391.5980099999997,2411.59701,12
22,2401.5980099999997,2421.59701,12
22,2411.5980099999997,2431.59701,12
22,2421.5980099999997,2441.59701,12
23,1e-05,19.99901,10
23,10.00001,29.99901,10
23,20.00001,39.999010000000006,10
23,30.00001,49.999010000000006,10
23,40.00001,59.999010000000006,10
23,50.00001,70.00000999999999,10
23,60.00001,80.00000999999999,10
23,70.00101,90.00000999999999,10
23,80.00101,100.00000999999999,10
23,101.52501,121.52400999999999,11
23,111.52501,131.52401,11
23,121.52501,141.52401,11
23,131.52501,151.52401,11
23,141.52501,161.52401,11
23,151.52501,171.52401,11
23,161.52501,181.52401,11
23,171.52501,191.52401,11
23,181.52501,201.52401,11
23,191.52501,211.52401,11
23,221.54401000000001,241.54301,7
23,231.54401000000001,251.54301,7
23,241.54401000000001,261.54301,7
23,251.54401000000001,271.54301,7
23,261.54401,281.54301,7
23,271.54401,291.54301,7
23,281.54401,301.54301,7
23,291.54401,311.54301,7
23,301.54401,321.54301,7
23,311.54401,331.54301,7
23,321.54401,341.54301,7
23,331.54401,351.54301,7
23,341.54401,361.54301,7
23,351.54401,371.54301,7
23,361.54401,381.54301,7
23,371.54401,391.54301,7
23,381.54401,401.54301,7
23,391.54401,411.54301,7
23,418.54401,438.54301,11
23,428.54401,448.54301,11
23,438.54401,458.54301,11
23,448.54401,468.54301,11
23,458.54401,478.54301,11
23,468.54401,488.54301,11
23,478.54401,498.54301,11
23,488.54401,508.54301,11
23,498.54401,518.54401,11
23,508.54401,528.54401,11
23,538.54801,558.54701,1
23,548.54801,568.54701,1
23,558.54801,578.54701,1
23,568.54801,588.54701,1
23,578.54801,598.54701,1
23,588.54801,608.54701,1
23,598.54801,618.54701,1
23,608.54801,628.54701,1
23,618.54801,638.54701,1
23,628.54801,648.54701,1
23,638.54801,658.54701,1
23,648.54801,668.54701,1
23,658.54801,678.54701,1
23,668.54801,688.54701,1
23,678.54801,698.54701,1
23,688.54801,708.54701,1
23,698.54801,718.54701,1
23,724.14801,744.14701,11
23,734.14801,754.14701,11
23,744.14801,764.14701,11
23,754.14801,774.14701,11
23,764.14801,784.14701,11
23,774.14801,794.14701,11
23,784.14801,804.14701,11
23,794.14801,814.14701,11
23,804.14801,824.14701,11
23,814.14801,834.14701,11
23,844.14701,864.14601,3
23,854.14701,874.14601,3
23,864.14701,884.14601,3
23,874.14701,894.14601,3
23,884.14701,904.14601,3
23,894.14701,914.14601,3
23,904.14701,924.14601,3
23,914.14701,934.14601,3
23,924.14701,944.14601,3
23,934.14701,954.14601,3
23,962.79701,982.79601,11
23,972.79701,992.79601,11
23,982.79701,1002.79601,11
23,992.79701,1012.79601,11
23,1002.79701,1022.79601,11
23,1012.79701,1032.79601,11
23,1022.79701,1042.79601,11
23,1032.79701,1052.79601,11
23,1042.79701,1062.79601,11
23,1052.79701,1072.79601,11
23,1082.79601,1102.79501,5
23,1092.79601,1112.79501,5
23,1102.79601,1122.79501,5
23,1112.79601,1132.79501,5
23,1122.79601,1142.79501,5
23,1132.79601,1152.79501,5
23,1142.79601,1162.79501,5
23,1152.79601,1172.79501,5
23,1162.79601,1182.79501,5
23,1172.79601,1192.79501,5
23,1182.79601,1202.79501,5
23,1192.79601,1212.79501,5
23,1202.79601,1222.79501,5
23,1227.89601,1247.89501,11
23,1237.89601,1257.89501,11
23,1247.89601,1267.89501,11
23,1257.89601,1277.89501,11
23,1267.89601,1287.89501,11
23,1277.89601,1297.89501,11
23,1287.89601,1307.89501,11
23,1297.89601,1317.89501,11
23,1307.89601,1327.89501,11
23,1317.89601,1337.89501,11
23,1347.89201,1367.89101,8
23,1357.89201,1377.89101,8
23,1367.89201,1387.89101,8
23,1377.89201,1397.89101,8
23,1387.89201,1407.89101,8
23,1397.89201,1417.89101,8
23,1407.89201,1427.89101,8
23,1417.89201,1437.89101,8
23,1427.89201,1447.89101,8
23,1437.89201,1457.89101,8
23,1447.89201,1467.89101,8
23,1457.89201,1477.89101,8
23,1467.89201,1487.89101,8
23,1491.64201,1511.64101,11
23,1501.64201,1521.64101,11
23,1511.64201,1531.64101,11
23,1521.64201,1541.64101,11
23,1531.64201,1551.64101,11
23,1541.64201,1561.64101,11
23,1551.64201,1571.64101,11
23,1561.64201,1581.64101,11
23,1571.64201,1591.64101,11
23,1581.64201,1601.64101,11
23,1611.64501,1631.64401,6
23,1621.64501,1641.64401,6
23,1631.64501,1651.64401,6
23,1641.64501,1661.64401,6
23,1651.64501,1671.64401,6
23,1661.64501,1681.64401,6
23,1671.64501,1691.64401,6
23,1681.64501,1701.64401,6
23,1691.64501,1711.64401,6
23,1701.64501,1721.64401,6
23,1711.64501,1731.64401,6
23,1721.64501,1741.64401,6
23,1731.64501,1751.64401,6
23,1758.39501,1778.39401,11
23,1768.39501,1788.39401,11
23,1778.39501,1798.39401,11
23,1788.39501,1808.39401,11
23,1798.39501,1818.39401,11
23,1808.39501,1828.39401,11
23,1818.39501,1838.39401,11
23,1828.39501,1848.39401,11
23,1838.39501,1858.39401,11
23,1848.39501,1868.39401,11
23,1878.39701,1898.39601,4
23,1888.39701,1908.39601,4
23,1898.39701,1918.39601,4
23,1908.39701,1928.39601,4
23,1918.39701,1938.39601,4
23,1928.39701,1948.39601,4
23,1938.39701,1958.39601,4
23,1948.39701,1968.39601,4
23,1958.39701,1978.39601,4
23,1968.39701,1988.39601,4
23,1978.39701,1998.39601,4
23,1988.39701,2008.39601,4
23,1998.39701,2018.39601,4
23,2008.39701,2028.39601,4
23,2018.39701,2038.39601,4
23,2038.49701,2058.49601,11
23,2048.49701,2068.49601,11
23,2058.49701,2078.49601,11
23,2068.49701,2088.49601,11
23,2078.49701,2098.4970099999996,11
23,2088.49701,2108.4970099999996,11
23,2098.49801,2118.4970099999996,11
23,2108.49801,2128.4970099999996,11
23,2118.49801,2138.4970099999996,11
23,2128.49801,2148.4970099999996,11
23,2158.49801,2178.4970099999996,2
23,2168.49801,2188.4970099999996,2
23,2178.49801,2198.4970099999996,2
23,2188.49801,2208.4970099999996,2
23,2198.49801,2218.4970099999996,2
23,2208.49801,2228.4970099999996,2
23,2218.49801,2238.4970099999996,2
23,2228.49801,2248.4970099999996,2
23,2238.49801,2258.4970099999996,2
23,2248.49801,2268.4970099999996,2
23,2258.49801,2278.4970099999996,2
23,2268.49801,2288.4970099999996,2
23,2278.49801,2298.4970099999996,2
23,2288.49801,2308.4970099999996,2
23,2298.49801,2318.4970099999996,2
23,2308.49801,2328.4970099999996,2
23,2331.5980099999997,2351.59701,12
23,2341.5980099999997,2361.59701,12
23,2351.5980099999997,2371.59701,12
23,2361.5980099999997,2381.59701,12
23,2371.5980099999997,2391.59701,12
23,2381.5980099999997,2401.59701,12
23,2391.5980099999997,2411.59701,12
23,2401.5980099999997,2421.59701,12
23,2411.5980099999997,2431.59701,12
23,2421.5980099999997,2441.59701,12
24,0.00101,20.001009999999997,10
24,10.00101,30.001009999999997,10
24,20.00201,40.00001,10
24,30.00201,50.00001,10
24,40.00101,60.00001,10
24,50.00101,70.00101,10
24,60.00101,80.00101,10
24,70.00201,90.00101,10
24,80.00201,100.00101,10
24,101.52501,121.52400999999999,11
24,111.52501,131.52401,11
24,121.52501,141.52401,11
24,131.52501,151.52401,11
24,141.52501,161.52401,11
24,151.52501,171.52401,11
24,161.52501,181.52401,11
24,171.52501,191.52401,11
24,181.52501,201.52401,11
24,191.52501,211.52401,11
24,221.54501000000002,241.54401000000001,6
24,231.54501000000002,251.54401000000001,6
24,241.54501000000002,261.54501,6
24,251.54501000000002,271.54501,6
24,261.54601,281.54501,6
24,271.54601,291.54501,6
24,281.54601,301.54501,6
24,291.54601,311.54501,6
24,301.54601,321.54501,6
24,311.54601,331.54501,6
24,321.54601,341.54501,6
24,331.54601,351.54501,6
24,341.54601,361.54501,6
24,368.29501,388.29401,11
24,378.29501,398.29401,11
24,388.29501,408.29401,11
24,398.29501,418.29401,11
24,408.29501,428.29401,11
24,418.29501,438.29401,11
24,428.29501,448.29401,11
24,438.29501,458.29401,11
24,448.29501,468.29401,11
24,458.29501,478.29401,11
24,488.29201,508.29101,8
24,498.29201,518.29101,8
24,508.29201,528.29101,8
24,518.29201,538.29101,8
24,528.29201,548.29101,8
24,538.29201,558.29101,8
24,548.29201,568.29101,8
24,558.29201,578.29101,8
24,568.29201,588.29101,8
24,578.29201,598.29101,8
24,588.29201,608.29101,8
24,598.29201,618.29101,8
24,608.29201,628.29101,8
24,632.04201,652.04101,11
24,642.04201,662.04101,11
24,652.04201,672.04101,11
24,662.04201,682.04101,11
24,672.04201,692.04101,11
24,682.04201,702.04101,11
24,692.04201,712.04101,11
24,702.04201,722.04101,11
24,712.04201,732.04101,11
24,722.04201,742.04101,11
24,752.04701,772.04601,4
24,762.04701,782.04601,4
24,772.04701,792.04601,4
24,782.04701,802.04601,4
24,792.04701,812.04601,4
24,802.04701,822.04601,4
24,812.04701,832.04601,4
24,822.04701,842.04601,4
24,832.04701,852.04601,4
24,842.04701,862.04601,4
24,852.04701,872.04601,4
24,862.04701,882.04601,4
24,872.04701,892.04601,4
24,882.04701,902.04601,4
24,892.04701,912.04601,4
24,912.14701,932.14601,11
24,922.14701,942.14601,11
24,932.14701,952.14601,11
24,942.14701,962.14601,11
24,952.14701,972.14601,11
24,962.14701,982.14601,11
24,972.14701,992.14601,11
24,982.14701,1002.14601,11
24,992.14701,1012.14601,11
24,1002.14701,1022.14601,11
24,1032.14801,1052.14701,2
24,1042.14801,1062.14701,2
24,1052.14801,1072.14701,2
24,1062.14801,1082.14701,2
24,1072.14801,1092.14701,2
24,1082.14801,1102.14701,2
24,1092.14801,1112.14701,2
24,1102.14801,1122.14701,2
24,1112.14801,1132.14701,2
24,1122.14801,1142.14701,2
24,1132.14801,1152.14701,2
24,1142.14801,1162.14701,2
24,1152.14801,1172.14701,2
24,1162.14801,1182.14701,2
24,1172.14801,1192.14701,2
24,1182.14801,1202.14701,2
24,1205.24801,1225.24701,11
24,1215.24801,1235.24701,11
24,1225.24801,1245.24701,11
24,1235.24801,1255.24701,11
24,1245.24801,1265.24701,11
24,1255.24801,1275.24701,11
24,1265.24801,1285.24701,11
24,1275.24801,1295.24701,11
24,1285.24801,1305.24701,11
24,1295.24801,1315.24701,11
24,1325.24601,1345.24501,5
24,1335.24601,1355.24501,5
24,1345.24601,1365.24501,5
24,1355.24601,1375.24501,5
24,1365.24601,1385.24501,5
24,1375.24601,1395.24501,5
24,1385.24601,1405.24501,5
24,1395.24601,1415.24501,5
24,1405.24601,1425.24501,5
24,1415.24601,1435.24501,5
24,1425.24601,1445.24501,5
24,1435.24601,1455.24501,5
24,1445.24601,1465.24501,5
24,1470.34601,1490.34501,11
24,1480.34601,1500.34501,11
24,1490.34601,1510.34501,11
24,1500.34601,1520.34501,11
24,1510.34601,1530.34501,11
24,1520.34601,1540.34501,11
24,1530.34601,1550.34501,11
24,1540.34601,1560.34501,11
24,1550.34601,1570.34501,11
24,1560.34601,1580.34501,11
24,1590.34701,1610.34601,3
24,1600.34701,1620.34601,3
24,1610.34701,1630.34601,3
24,1620.34701,1640.34601,3
24,1630.34701,1650.34601,3
24,1640.34701,1660.34601,3
24,1650.34701,1670.34601,3
24,1660.34701,1680.34601,3
24,1670.34701,1690.34601,3
24,1680.34701,1700.34601,3
24,1708.99701,1728.99601,11
24,1718.99701,1738.99601,11
24,1728.99701,1748.99601,11
24,1738.99701,1758.99601,11
24,1748.99701,1768.99601,11
24,1758.99701,1778.99601,11
24,1768.99701,1788.99601,11
24,1778.99701,1798.99601,11
24,1788.99701,1808.99601,11
24,1798.99701,1818.99601,11
24,1828.99801,1848.99701,1
24,1838.99801,1858.99701,1
24,1848.99801,1868.99701,1
24,1858.99801,1878.99701,1
24,1868.99801,1888.99701,1
24,1878.99801,1898.99701,1
24,1888.99801,1908.99701,1
24,1898.99801,1918.99701,1
24,1908.99801,1928.99701,1
24,1918.99801,1938.99701,1
24,1928.99801,1948.99701,1
24,1938.99801,1958.99701,1
24,1948.99801,1968.99701,1
24,1958.99801,1978.99701,1
24,1968.99801,1988.99701,1
24,1978.99801,1998.99701,1
24,1988.99801,2008.99701,1
24,2014.59801,2034.59701,11
24,2024.59801,2044.59701,11
24,2034.59801,2054.59701,11
24,2044.59801,2064.59701,11
24,2054.59801,2074.59701,11
24,2064.59801,2084.59701,11
24,2074.59801,2094.59701,11
24,2084.59801,2104.59701,11
24,2094.59801,2114.59701,11
24,2104.5980099999997,2124.59701,11
24,2134.59401,2154.5930099999996,7
24,2144.59401,2164.5930099999996,7
24,2154.59401,2174.5930099999996,7
24,2164.59401,2184.5930099999996,7
24,2174.59401,2194.5930099999996,7
24,2184.59401,2204.5930099999996,7
24,2194.59401,2214.5930099999996,7
24,2204.59401,2224.5930099999996,7
24,2214.59401,2234.5930099999996,7
24,2224.59401,2244.5930099999996,7
24,2234.59401,2254.5930099999996,7
24,2244.59401,2264.5930099999996,7
24,2254.59401,2274.5930099999996,7
24,2264.59401,2284.5930099999996,7
24,2274.59401,2294.5930099999996,7
24,2284.59401,2304.5930099999996,7
24,2294.59401,2314.5930099999996,7
24,2304.59401,2324.5930099999996,7
24,2331.59501,2351.59401,12
24,2341.59501,2361.59401,12
24,2351.59501,2371.59401,12
24,2361.59501,2381.59401,12
24,2371.59501,2391.59401,12
24,2381.59501,2401.59401,12
24,2391.59501,2411.59401,12
24,2401.59501,2421.59401,12
24,2411.59501,2431.59401,12
24,2421.59501,2441.59401,12
25,0.00101,20.001009999999997,10
25,10.00101,30.001009999999997,10
25,20.00201,40.00001,10
25,30.00201,50.00001,10
25,40.00101,60.00001,10
25,50.00101,70.00101,10
25,60.00101,80.00101,10
25,70.00201,90.00101,10
25,80.00201,100.00101,10
25,101.52501,121.52400999999999,11
25,111.52501,131.52401,11
25,121.52501,141.52401,11
25,131.52501,151.52401,11
25,141.52501,161.52401,11
25,151.52501,171.52401,11
25,161.52501,181.52401,11
25,171.52501,191.52401,11
25,181.52501,201.52401,11
25,191.52501,211.52401,11
25,221.54801,241.54701,1
25,231.54801,251.54701,1
25,241.54801,261.54701,1
25,251.54801,271.54701,1
25,261.54801000000003,281.54701,1
25,271.54801000000003,291.54701,1
25,281.54801000000003,301.54701,1
25,291.54801000000003,311.54701,1
25,301.54801000000003,321.54701,1
25,311.54801000000003,331.54701,1
25,321.54801000000003,341.54701,1
25,331.54801000000003,351.54701,1
25,341.54801000000003,361.54701,1
25,351.54801000000003,371.54701,1
25,361.54801000000003,381.54701,1
25,371.54801000000003,391.54701,1
25,381.54801000000003,401.54701,1
25,407.14801,427.14701,11
25,417.14801,437.14701,11
25,427.14801,447.14701,11
25,437.14801,457.14701,11
25,447.14801,467.14701,11
25,457.14801,477.14701,11
25,467.14801,487.14701,11
25,477.14801,497.14701,11
25,487.14801,507.14701,11
25,497.14801,517.14701,11
25,527.14401,547.14301,7
25,537.14401,557.14301,7
25,547.14401,567.14301,7
25,557.14401,577.14301,7
25,567.14401,587.14301,7
25,577.14401,597.14301,7
25,587.14401,607.14301,7
25,597.14401,617.14301,7
25,607.14401,627.14301,7
25,617.14401,637.14301,7
25,627.14401,647.14301,7
25,637.14401,657.14301,7
25,647.14401,667.14301,7
25,657.14401,677.14301,7
25,667.14401,687.14301,7
25,677.14401,697.14301,7
25,687.14401,707.14301,7
25,697.14401,717.14301,7
25,724.14401,744.14301,11
25,734.14401,754.14301,11
25,744.14401,764.14301,11
25,754.14401,774.14301,11
25,764.14401,784.14301,11
25,774.14401,794.14301,11
25,784.14401,804.14301,11
25,794.14401,814.14301,11
25,804.14401,824.14301,11
25,814.14401,834.14301,11
25,844.14601,864.14501,5
25,854.14601,874.14501,5
25,864.14601,884.14501,5
25,874.14601,894.14501,5
25,884.14601,904.14501,5
25,894.14601,914.14501,5
25,904.14601,924.14501,5
25,914.14601,934.14501,5
25,924.14601,944.14501,5
25,934.14601,954.14501,5
25,944.14601,964.14501,5
25,954.14601,974.14501,5
25,964.14601,984.14501,5
25,989.24601,1009.24501,11
25,999.24601,1019.24501,11
25,1009.24601,1029.24501,11
25,1019.24601,1039.24501,11
25,1029.24601,1049.24501,11
25,1039.24601,1059.24501,11
25,1049.24601,1069.24501,11
25,1059.24601,1079.24501,11
25,1069.24601,1089.24501,11
25,1079.24601,1099.24501,11
25,1109.24701,1129.24601,3
25,1119.24701,1139.24601,3
25,1129.24701,1149.24601,3
25,1139.24701,1159.24601,3
25,1149.24701,1169.24601,3
25,1159.24701,1179.24601,3
25,1169.24701,1189.24601,3
25,1179.24701,1199.24601,3
25,1189.24701,1209.24601,3
25,1199.24701,1219.24601,3
25,1227.89701,1247.89601,11
25,1237.89701,1257.89601,11
25,1247.89701,1267.89601,11
25,1257.89701,1277.89601,11
25,1267.89701,1287.89601,11
25,1277.89701,1297.89601,11
25,1287.89701,1307.89601,11
25,1297.89701,1317.89601,11
25,1307.89701,1327.89601,11
25,1317.89701,1337.89601,11
25,1347.89801,1367.89701,2
25,1357.89801,1377.89701,2
25,1367.89801,1387.89701,2
25,1377.89801,1397.89701,2
25,1387.89801,1407.89701,2
25,1397.89801,1417.89701,2
25,1407.89801,1427.89701,2
25,1417.89801,1437.89701,2
25,1427.89801,1447.89701,2
25,1437.89801,1457.89701,2
25,1447.89801,1467.89701,2
25,1457.89801,1477.89701,2
25,1467.89801,1487.89701,2
25,1477.89801,1497.89701,2
25,1487.89801,1507.89701,2
25,1497.89801,1517.89701,2
25,1520.99801,1540.99701,11
25,1530.99801,1550.99701,11
25,1540.99801,1560.99701,11
25,1550.99801,1570.99701,11
25,1560.99801,1580.99701,11
25,1570.99801,1590.99701,11
25,1580.99801,1600.99701,11
25,1590.99801,1610.99701,11
25,1600.99801,1620.99701,11
25,1610.99801,1630.99701,11
25,1640.99501,1660.9940100000001,6
25,1650.99501,1670.9940100000001,6
25,1660.99501,1680.9940100000001,6
25,1670.99501,1690.9940100000001,6
25,1680.99501,1700.9940100000001,6
25,1690.99501,1710.9940100000001,6
25,1700.99501,1720.9940100000001,6
25,1710.99501,1730.9940100000001,6
25,1720.99501,1740.9940100000001,6
25,1730.99501,1750.9940100000001,6
25,1740.99501,1760.9940100000001,6
25,1750.99501,1770.9940100000001,6
25,1760.99501,1780.9940100000001,6
25,1787.74501,1807.7440100000001,11
25,1797.74501,1817.7440100000001,11
25,1807.74501,1827.7440100000001,11
25,1817.74501,1837.7440100000001,11
25,1827.74501,1847.7440100000001,11
25,1837.74501,1857.7440100000001,11
25,1847.74501,1867.7440100000001,11
25,1857.74501,1877.7440100000001,11
25,1867.74501,1887.7440100000001,11
25,1877.74501,1897.7440100000001,11
25,1907.74201,1927.74101,8
25,1917.74201,1937.74101,8
25,1927.74201,1947.74101,8
25,1937.74201,1957.74101,8
25,1947.74201,1967.74101,8
25,1957.74201,1977.74101,8
25,1967.74201,1987.74101,8
25,1977.74201,1997.74101,8
25,1987.74201,2007.74101,8
25,1997.74201,2017.74101,8
25,2007.74201,2027.74101,8
25,2017.74201,2037.74101,8
25,2027.74201,2047.74101,8
25,2051.49201,2071.49101,11
25,2061.49201,2081.49101,11
25,2071.49201,2091.49101,11
25,2081.49201,2101.4910099999997,11
25,2091.49201,2111.4910099999997,11
25,2101.49201,2121.4910099999997,11
25,2111.49201,2131.4910099999997,11
25,2121.49201,2141.4910099999997,11
25,2131.49201,2151.4910099999997,11
25,2141.49201,2161.4910099999997,11
25,2171.4970099999996,2191.49601,4
25,2181.4970099999996,2201.49601,4
25,2191.4970099999996,2211.49601,4
25,2201.4970099999996,2221.49601,4
25,2211.4970099999996,2231.49601,4
25,2221.4970099999996,2241.49601,4
25,2231.4970099999996,2251.49601,4
25,2241.4970099999996,2261.49601,4
25,2251.4970099999996,2271.49601,4
25,2261.4970099999996,2281.49601,4
25,2271.4970099999996,2291.49601,4
25,2281.4970099999996,2301.49601,4
25,2291.4970099999996,2311.49601,4
25,2301.4970099999996,2321.49601,4
25,2311.4970099999996,2331.49601,4
25,2331.59701,2351.5960099999998,12
25,2341.59701,2361.5960099999998,12
25,2351.59701,2371.5960099999998,12
25,2361.59701,2381.5960099999998,12
25,2371.59701,2391.5960099999998,12
25,2381.59701,2401.5960099999998,12
25,2391.59701,2411.5960099999998,12
25,2401.59701,2421.5960099999998,12
25,2411.59701,2431.5960099999998,12
25,2421.59701,2441.5960099999998,12
26,1e-05,19.99901,10
26,10.00001,29.99901,10
26,20.00001,39.999010000000006,10
26,30.00001,49.999010000000006,10
26,40.00001,59.999010000000006,10
26,50.00001,70.00000999999999,10
26,60.00001,80.00000999999999,10
26,70.00101,90.00000999999999,10
26,80.00101,100.00000999999999,10
26,101.52501,121.52400999999999,11
26,111.52501,131.52401,11
26,121.52501,141.52401,11
26,131.52501,151.52401,11
26,141.52501,161.52401,11
26,151.52501,171.52401,11
26,161.52501,181.52401,11
26,171.52501,191.52401,11
26,181.52501,201.52401,11
26,191.52501,211.52401,11
26,221.54501000000002,241.54401000000001,6
26,231.54501000000002,251.54401000000001,6
26,241.54501000000002,261.54501,6
26,251.54501000000002,271.54501,6
26,261.54601,281.54501,6
26,271.54601,291.54501,6
26,281.54601,301.54501,6
26,291.54601,311.54501,6
26,301.54601,321.54501,6
26,311.54601,331.54501,6
26,321.54601,341.54501,6
26,331.54601,351.54501,6
26,341.54601,361.54501,6
26,368.29501,388.29401,11
26,378.29501,398.29401,11
26,388.29501,408.29401,11
26,398.29501,418.29401,11
26,408.29501,428.29401,11
26,418.29501,438.29401,11
26,428.29501,448.29401,11
26,438.29501,458.29401,11
26,448.29501,468.29401,11
26,458.29501,478.29401,11
26,488.29201,508.29101,8
26,498.29201,518.29101,8
26,508.29201,528.29101,8
26,518.29201,538.29101,8
26,528.29201,548.29101,8
26,538.29201,558.29101,8
26,548.29201,568.29101,8
26,558.29201,578.29101,8
26,568.29201,588.29101,8
26,578.29201,598.29101,8
26,588.29201,608.29101,8
26,598.29201,618.29101,8
26,608.29201,628.29101,8
26,632.04201,652.04101,11
26,642.04201,662.04101,11
26,652.04201,672.04101,11
26,662.04201,682.04101,11
26,672.04201,692.04101,11
26,682.04201,702.04101,11
26,692.04201,712.04101,11
26,702.04201,722.04101,11
26,712.04201,732.04101,11
26,722.04201,742.04101,11
26,752.04701,772.04601,4
26,762.04701,782.04601,4
26,772.04701,792.04601,4
26,782.04701,802.04601,4
26,792.04701,812.04601,4
26,802.04701,822.04601,4
26,812.04701,832.04601,4
26,822.04701,842.04601,4
26,832.04701,852.04601,4
26,842.04701,862.04601,4
26,852.04701,872.04601,4
26,862.04701,882.04601,4
26,872.04701,892.04601,4
26,882.04701,902.04601,4
26,892.04701,912.04601,4
26,912.14701,932.14601,11
26,922.14701,942.14601,11
26,932.14701,952.14601,11
26,942.14701,962.14601,11
26,952.14701,972.14601,11
26,962.14701,982.14601,11
26,972.14701,992.14601,11
26,982.14701,1002.14601,11
26,992.14701,1012.14601,11
26,1002.14701,1022.14601,11
26,1032.14801,1052.14701,2
26,1042.14801,1062.14701,2
26,1052.14801,1072.14701,2
26,1062.14801,1082.14701,2
26,1072.14801,1092.14701,2
26,1082.14801,1102.14701,2
26,1092.14801,1112.14701,2
26,1102.14801,1122.14701,2
26,1112.14801,1132.14701,2
26,1122.14801,1142.14701,2
26,1132.14801,1152.14701,2
26,1142.14801,1162.14701,2
26,1152.14801,1172.14701,2
26,1162.14801,1182.14701,2
26,1172.14801,1192.14701,2
26,1182.14801,1202.14701,2
26,1205.24801,1225.24701,11
26,1215.24801,1235.24701,11
26,1225.24801,1245.24701,11
26,1235.24801,1255.24701,11
26,1245.24801,1265.24701,11
26,1255.24801,1275.24701,11
26,1265.24801,1285.24701,11
26,1275.24801,1295.24701,11
26,1285.24801,1305.24701,11
26,1295.24801,1315.24701,11
26,1325.24701,1345.24601,3
26,1335.24701,1355.24601,3
26,1345.24701,1365.24601,3
26,1355.24701,1375.24601,3
26,1365.24701,1385.24601,3
26,1375.24701,1395.24601,3
26,1385.24701,1405.24601,3
26,1395.24701,1415.24601,3
26,1405.24701,1425.24601,3
26,1415.24701,1435.24601,3
26,1443.89701,1463.89601,11
26,1453.89701,1473.89601,11
26,1463.89701,1483.89601,11
26,1473.89701,1493.89601,11
26,1483.89701,1503.89601,11
26,1493.89701,1513.89601,11
26,1503.89701,1523.89601,11
26,1513.89701,1533.89601,11
26,1523.89701,1543.89601,11
26,1533.89701,1553.89601,11
26,1563.89601,1583.89501,5
26,1573.89601,1593.89501,5
26,1583.89601,1603.89501,5
26,1593.89601,1613.89501,5
26,1603.89601,1623.89501,5
26,1613.89601,1633.89501,5
26,1623.89601,1643.89501,5
26,1633.89601,1653.89501,5
26,1643.89601,1663.89501,5
26,1653.89601,1673.89501,5
26,1663.89601,1683.89501,5
26,1673.89601,1693.89501,5
26,1683.89601,1703.89501,5
26,1708.99601,1728.99501,11
26,1718.99601,1738.99501,11
26,1728.99601,1748.99501,11
26,1738.99601,1758.99501,11
26,1748.99601,1768.99501,11
26,1758.99601,1778.99501,11
26,1768.99601,1788.99501,11
26,1778.99601,1798.99501,11
26,1788.99601,1808.99501,11
26,1798.99601,1818.99501,11
26,1828.9940100000001,1848.99301,7
26,1838.9940100000001,1858.99301,7
26,1848.9940100000001,1868.99301,7
26,1858.9940100000001,1878.99301,7
26,1868.9940100000001,1888.99301,7
26,1878.9940100000001,1898.99301,7
26,1888.9940100000001,1908.99301,7
26,1898.9940100000001,1918.99301,7
26,1908.9940100000001,1928.99301,7
26,1918.9940100000001,1938.99301,7
26,1928.9940100000001,1948.99301,7
26,1938.9940100000001,1958.99301,7
26,1948.9940100000001,1968.99301,7
26,1958.9940100000001,1978.99301,7
26,1968.9940100000001,1988.99301,7
26,1978.9940100000001,1998.99301,7
26,1988.9940100000001,2008.99301,7
26,1998.9940100000001,2018.99301,7
26,2025.9940100000001,2045.99301,11
26,2035.9940100000001,2055.99401,11
26,2045.9940100000001,2065.99401,11
26,2055.99501,2075.99401,11
26,2065.99501,2085.99401,11
26,2075.99501,2095.99401,11
26,2085.99501,2105.99401,11
26,2095.99501,2115.99401,11
26,2105.9950099999996,2125.99401,11
26,2115.9950099999996,2135.99401,11
26,2145.99801,2165.9970099999996,1
26,2155.99801,2175.9970099999996,1
26,2165.99801,2185.9970099999996,1
26,2175.99801,2195.9970099999996,1
26,2185.99801,2205.9970099999996,1
26,2195.99801,2215.9970099999996,1
26,2205.99801,2225.9970099999996,1
26,2215.99801,2235.9970099999996,1
26,2225.99801,2245.9970099999996,1
26,2235.99801,2255.9970099999996,1
26,2245.99801,2265.9970099999996,1
26,2255.99801,2275.9970099999996,1
26,2265.99801,2285.9970099999996,1
26,2275.99801,2295.9970099999996,1
26,2285.99801,2305.9970099999996,1
26,2295.99801,2315.9970099999996,1
26,2305.99801,2325.9970099999996,1
26,2331.5980099999997,2351.59701,12
26,2341.5980099999997,2361.59701,12
26,2351.5980099999997,2371.59701,12
26,2361.5980099999997,2381.59701,12
26,2371.5980099999997,2391.59701,12
26,2381.5980099999997,2401.59701,12
26,2391.5980099999997,2411.59701,12
26,2401.5980099999997,2421.59701,12
26,2411.5980099999997,2431.59701,12
26,2421.5980099999997,2441.59701,12
27,0.0020099999999999996,20.001009999999997,10
27,10.00201,30.001009999999997,10
27,20.00201,40.00101,10
27,30.00201,50.00101,10
27,40.00201,60.00101,10
27,50.00201,70.00101,10
27,60.00201,80.00101,10
27,70.00201,90.00101,10
27,80.00201,100.00101,10
27,101.52501,121.52400999999999,11
27,111.52501,131.52401,11
27,121.52501,141.52401,11
27,131.52501,151.52401,11
27,141.52501,161.52401,11
27,151.52501,171.52401,11
27,161.52501,181.52401,11
27,171.52501,191.52401,11
27,181.52501,201.52401,11
27,191.52501,211.52401,11
27,221.54701,241.54601,3
27,231.54701,251.54601,3
27,241.54701,261.54601,3
27,251.54701,271.54601,3
27,261.54701,281.54601,3
27,271.54701,291.54601,3
27,281.54701,301.54601,3
27,291.54701,311.54601,3
27,301.54701,321.54601,3
27,311.54701,331.54601,3
27,340.19701000000003,360.19601,11
27,350.19701000000003,370.19601,11
27,360.19701000000003,380.19601,11
27,370.19701000000003,390.19601,11
27,380.19701000000003,400.19601,11
27,390.19701000000003,410.19601,11
27,400.19701000000003,420.19601,11
27,410.19701000000003,430.19601,11
27,420.19701000000003,440.19601,11
27,430.19701000000003,450.19601,11
27,460.19601,480.19501,5
27,470.19601,490.19501,5
27,480.19601,500.19501,5
27,490.19601,510.19501,5
27,500.19601,520.19501,5
27,510.19601,530.19501,5
27,520.19601,540.19501,5
27,530.19601,550.19501,5
27,540.19601,560.19501,5
27,550.19601,570.19501,5
27,560.19601,580.19501,5
27,570.19601,590.19501,5
27,580.19601,600.19501,5
27,605.29601,625.29501,11
27,615.29601,635.29501,11
27,625.29601,645.29501,11
27,635.29601,655.29501,11
27,645.29601,665.29501,11
27,655.29601,675.29501,11
27,665.29601,685.29501,11
27,675.29601,695.29501,11
27,685.29601,705.29501,11
27,695.29601,715.29501,11
27,725.29401,745.29301,7
27,735.29401,755.29301,7
27,745.29401,765.29301,7
27,755.29401,775.29301,7
27,765.29401,785.29301,7
27,775.29401,795.29301,7
27,785.29401,805.29301,7
27,795.29401,815.29301,7
27,805.29401,825.29301,7
27,815.29401,835.29301,7
27,825.29401,845.29301,7
27,835.29401,855.29301,7
27,845.29401,865.29301,7
27,855.29401,875.29301,7
27,865.29401,885.29301,7
27,875.29401,895.29301,7
27,885.29401,905.29301,7
27,895.29401,915.29301,7
27,922.29401,942.29301,11
27,932.29401,952.29301,11
27,942.29401,962.29301,11
27,952.29401,972.29301,11
27,962.29401,982.29301,11
27,972.29401,992.29301,11
27,982.29401,1002.29301,11
27,992.29401,1012.29301,11
27,1002.29401,1022.29301,11
27,1012.29401,1032.29301,11
27,1042.29801,1062.29701,1
27,1052.29801,1072.29701,1
27,1062.29801,1082.29701,1
27,1072.29801,1092.29701,1
27,1082.29801,1102.29701,1
27,1092.29801,1112.29701,1
27,1102.29801,1122.29701,1
27,1112.29801,1132.29701,1
27,1122.29801,1142.29701,1
27,1132.29801,1152.29701,1
27,1142.29801,1162.29701,1
27,1152.29801,1172.29701,1
27,1162.29801,1182.29701,1
27,1172.29801,1192.29701,1
27,1182.29801,1202.29701,1
27,1192.29801,1212.29701,1
27,1202.29801,1222.29701,1
27,1227.89801,1247.89701,11
27,1237.89801,1257.89701,11
27,1247.89801,1267.89701,11
27,1257.89801,1277.89701,11
27,1267.89801,1287.89701,11
27,1277.89801,1297.89701,11
27,1287.89801,1307.89701,11
27,1297.89801,1317.89701,11
27,1307.89801,1327.89701,11
27,1317.89801,1337.89701,11
27,1347.89701,1367.89601,4
27,1357.89701,1377.89601,4
27,1367.89701,1387.89601,4
27,1377.89701,1397.89601,4
27,1387.89701,1407.89601,4
27,1397.89701,1417.89601,4
27,1407.89701,1427.89601,4
27,1417.89701,1437.89601,4
27,1427.89701,1447.89601,4
27,1437.89701,1457.89601,4
27,1447.89701,1467.89601,4
27,1457.89701,1477.89601,4
27,1467.89701,1487.89601,4
27,1477.89701,1497.89601,4
27,1487.89701,1507.89601,4
27,1507.99701,1527.99601,11
27,1517.99701,1537.99601,11
27,1527.99701,1547.99601,11
27,1537.99701,1557.99601,11
27,1547.99701,1567.99601,11
27,1557.99701,1577.99601,11
27,1567.99701,1587.99601,11
27,1577.99701,1597.99601,11
27,1587.99701,1607.99601,11
27,1597.99701,1617.99601,11
27,1627.99801,1647.99701,2
27,1637.99801,1657.99701,2
27,1647.99801,1667.99701,2
27,1657.99801,1677.99701,2
27,1667.99801,1687.99701,2
27,1677.99801,1697.99701,2
27,1687.99801,1707.99701,2
27,1697.99801,1717.99701,2
27,1707.99801,1727.99701,2
27,1717.99801,1737.99701,2
27,1727.99801,1747.99701,2
27,1737.99801,1757.99701,2
27,1747.99801,1767.99701,2
27,1757.99801,1777.99701,2
27,1767.99801,1787.99701,2
27,1777.99801,1797.99701,2
27,1801.09801,1821.09701,11
27,1811.09801,1831.09701,11
27,1821.09801,1841.09701,11
27,1831.09801,1851.09701,11
27,1841.09801,1861.09701,11
27,1851.09801,1871.09701,11
27,1861.09801,1881.09701,11
27,1871.09801,1891.09701,11
27,1881.09801,1901.09701,11
27,1891.09801,1911.09701,11
27,1921.09201,1941.09101,8
27,1931.09201,1951.09101,8
27,1941.09201,1961.09101,8
27,1951.09201,1971.09101,8
27,1961.09201,1981.09101,8
27,1971.09201,1991.09101,8
27,1981.09201,2001.09101,8
27,1991.09201,2011.09101,8
27,2001.09201,2021.09101,8
27,2011.09201,2031.09101,8
27,2021.09201,2041.09101,8
27,2031.09201,2051.09201,8
27,2041.09201,2061.09201,8
27,2064.84201,2084.84101,11
27,2074.84201,2094.84101,11
27,2084.84201,2104.8410099999996,11
27,2094.84201,2114.8410099999996,11
27,2104.84201,2124.8410099999996,11
27,2114.84201,2134.8410099999996,11
27,2124.84201,2144.8410099999996,11
27,2134.84201,2154.8410099999996,11
27,2144.84201,2164.8410099999996,11
27,2154.84201,2174.8410099999996,11
27,2184.84501,2204.84401,6
27,2194.84501,2214.84401,6
27,2204.84501,2224.84401,6
27,2214.84501,2234.84401,6
27,2224.84501,2244.84401,6
27,2234.84501,2254.84401,6
27,2244.84501,2264.84401,6
27,2254.84501,2274.84401,6
27,2264.84501,2284.84401,6
27,2274.84501,2294.84401,6
27,2284.84501,2304.84401,6
27,2294.84501,2314.84401,6
27,2304.84501,2324.84401,6
27,2331.5960099999998,2351.59501,12
27,2341.5960099999998,2361.59501,12
27,2351.5960099999998,2371.59501,12
27,2361.5960099999998,2381.59501,12
27,2371.5960099999998,2391.59501,12
27,2381.5960099999998,2401.59501,12
27,2391.5960099999998,2411.59501,12
27,2401.5960099999998,2421.59501,12
27,2411.5960099999998,2431.59501,12
27,2421.5960099999998,2441.59501,12
28,0.0030099999999999997,20.00201,10
28,10.00301,30.00201,10
28,20.00301,40.00201,10
28,30.00301,50.00201,10
28,40.00301,60.00201,10
28,50.00301,70.00300999999999,10
28,60.00301,80.00300999999999,10
28,70.00401,90.00300999999999,10
28,80.00401,100.00300999999999,10
28,101.52501,121.52400999999999,11
28,111.52501,131.52401,11
28,121.52501,141.52401,11
28,131.52501,151.52401,11
28,141.52501,161.52401,11
28,151.52501,171.52401,11
28,161.52501,181.52401,11
28,171.52501,191.52401,11
28,181.52501,201.52401,11
28,191.52501,211.52401,11
28,221.54201,241.54101,8
28,231.54201,251.54101,8
28,241.54201,261.54101,8
28,251.54201,271.54101,8
28,261.54201,281.54101,8
28,271.54201,291.54101,8
28,281.54201,301.54101,8
28,291.54201,311.54101,8
28,301.54201,321.54101,8
28,311.54201,331.54101,8
28,321.54201,341.54101,8
28,331.54201,351.54101,8
28,341.54201,361.54101,8
28,365.29201,385.29101,11
28,375.29201,395.29101,11
28,385.29201,405.29101,11
28,395.29201,415.29101,11
28,405.29201,425.29101,11
28,415.29201,435.29101,11
28,425.29201,445.29101,11
28,435.29201,455.29101,11
28,445.29201,465.29101,11
28,455.29201,475.29101,11
28,485.29501,505.29401,6
28,495.29501,515.29401,6
28,505.29501,525.29401,6
28,515.29501,535.29401,6
28,525.29501,545.29401,6
28,535.29501,555.29401,6
28,545.29501,565.29401,6
28,555.29501,575.29401,6
28,565.29501,585.29401,6
28,575.29501,595.29401,6
28,585.29501,605.29401,6
28,595.29501,615.29401,6
28,605.29501,625.29401,6
28,632.04501,652.04401,11
28,642.04501,662.04401,11
28,652.04501,672.04401,11
28,662.04501,682.04401,11
28,672.04501,692.04401,11
28,682.04501,702.04401,11
28,692.04501,712.04401,11
28,702.04501,722.04401,11
28,712.04501,732.04401,11
28,722.04501,742.04401,11
28,752.04801,772.04701,2
28,762.04801,782.04701,2
28,772.04801,792.04701,2
28,782.04801,802.04701,2
28,792.04801,812.04701,2
28,802.04801,822.04701,2
28,812.04801,832.04701,2
28,822.04801,842.04701,2
28,832.04801,852.04701,2
28,842.04801,862.04701,2
28,852.04801,872.04701,2
28,862.04801,882.04701,2
28,872.04801,892.04701,2
28,882.04801,902.04701,2
28,892.04801,912.04701,2
28,902.04801,922.04701,2
28,925.14801,945.14701,11
28,935.14801,955.14701,11
28,945.14801,965.14701,11
28,955.14801,975.14701,11
28,965.14801,985.14701,11
28,975.14801,995.14701,11
28,985.14801,1005.14701,11
28,995.14801,1015.14701,11
28,1005.14801,1025.14701,11
28,1015.14801,1035.14701,11
28,1045.14701,1065.14601,4
28,1055.14701,1075.14601,4
28,1065.14701,1085.14601,4
28,1075.14701,1095.14601,4
28,1085.14701,1105.14601,4
28,1095.14701,1115.14601,4
28,1105.14701,1125.14601,4
28,1115.14701,1135.14601,4
28,1125.14701,1145.14601,4
28,1135.14701,1155.14601,4
28,1145.14701,1165.14601,4
28,1155.14701,1175.14601,4
28,1165.14701,1185.14601,4
28,1175.14701,1195.14601,4
28,1185.14701,1205.14601,4
28,1205.24701,1225.24601,11
28,1215.24701,1235.24601,11
28,1225.24701,1245.24601,11
28,1235.24701,1255.24601,11
28,1245.24701,1265.24601,11
28,1255.24701,1275.24601,11
28,1265.24701,1285.24601,11
28,1275.24701,1295.24601,11
28,1285.24701,1305.24601,11
28,1295.24701,1315.24601,11
28,1325.24601,1345.24501,5
28,1335.24601,1355.24501,5
28,1345.24601,1365.24501,5
28,1355.24601,1375.24501,5
28,1365.24601,1385.24501,5
28,1375.24601,1395.24501,5
28,1385.24601,1405.24501,5
28,1395.24601,1415.24501,5
28,1405.24601,1425.24501,5
28,1415.24601,1435.24501,5
28,1425.24601,1445.24501,5
28,1435.24601,1455.24501,5
28,1445.24601,1465.24501,5
28,1470.34601,1490.34501,11
28,1480.34601,1500.34501,11
28,1490.34601,1510.34501,11
28,1500.34601,1520.34501,11
28,1510.34601,1530.34501,11
28,1520.34601,1540.34501,11
28,1530.34601,1550.34501,11
28,1540.34601,1560.34501,11
28,1550.34601,1570.34501,11
28,1560.34601,1580.34501,11
28,1590.34701,1610.34601,3
28,1600.34701,1620.34601,3
28,1610.34701,1630.34601,3
28,1620.34701,1640.34601,3
28,1630.34701,1650.34601,3
28,1640.34701,1660.34601,3
28,1650.34701,1670.34601,3
28,1660.34701,1680.34601,3
28,1670.34701,1690.34601,3
28,1680.34701,1700.34601,3
28,1708.99701,1728.99601,11
28,1718.99701,1738.99601,11
28,1728.99701,1748.99601,11
28,1738.99701,1758.99601,11
28,1748.99701,1768.99601,11
28,1758.99701,1778.99601,11
28,1768.99701,1788.99601,11
28,1778.99701,1798.99601,11
28,1788.99701,1808.99601,11
28,1798.99701,1818.99601,11
28,1828.9940100000001,1848.99301,7
28,1838.9940100000001,1858.99301,7
28,1848.9940100000001,1868.99301,7
28,1858.9940100000001,1878.99301,7
28,1868.9940100000001,1888.99301,7
28,1878.9940100000001,1898.99301,7
28,1888.9940100000001,1908.99301,7
28,1898.9940100000001,1918.99301,7
28,1908.9940100000001,1928.99301,7
28,1918.9940100000001,1938.99301,7
28,1928.9940100000001,1948.99301,7
28,1938.9940100000001,1958.99301,7
28,1948.9940100000001,1968.99301,7
28,1958.9940100000001,1978.99301,7
28,1968.9940100000001,1988.99301,7
28,1978.9940100000001,1998.99301,7
28,1988.9940100000001,2008.99301,7
28,1998.9940100000001,2018.99301,7
28,2025.9940100000001,2045.99301,11
28,2035.9940100000001,2055.99401,11
28,2045.9940100000001,2065.99401,11
28,2055.99501,2075.99401,11
28,2065.99501,2085.99401,11
28,2075.99501,2095.99401,11
28,2085.99501,2105.99401,11
28,2095.99501,2115.99401,11
28,2105.9950099999996,2125.99401,11
28,2115.9950099999996,2135.99401,11
28,2145.99801,2165.9970099999996,1
28,2155.99801,2175.9970099999996,1
28,2165.99801,2185.9970099999996,1
28,2175.99801,2195.9970099999996,1
28,2185.99801,2205.9970099999996,1
28,2195.99801,2215.9970099999996,1
28,2205.99801,2225.9970099999996,1
28,2215.99801,2235.9970099999996,1
28,2225.99801,2245.9970099999996,1
28,2235.99801,2255.9970099999996,1
28,2245.99801,2265.9970099999996,1
28,2255.99801,2275.9970099999996,1
28,2265.99801,2285.9970099999996,1
28,2275.99801,2295.9970099999996,1
28,2285.99801,2305.9970099999996,1
28,2295.99801,2315.9970099999996,1
28,2305.99801,2325.9970099999996,1
28,2331.5980099999997,2351.59701,12
28,2341.5980099999997,2361.59701,12
28,2351.5980099999997,2371.59701,12
28,2361.5980099999997,2381.59701,12
28,2371.5980099999997,2391.59701,12
28,2381.5980099999997,2401.59701,12
28,2391.5980099999997,2411.59701,12
28,2401.5980099999997,2421.59701,12
28,2411.5980099999997,2431.59701,12
28,2421.5980099999997,2441.59701,12
29,0.0020099999999999996,20.001009999999997,10
29,10.00201,30.001009999999997,10
29,20.00201,40.00101,10
29,30.00201,50.00101,10
29,40.00201,60.00101,10
29,50.00201,70.00101,10
29,60.00201,80.00101,10
29,70.00201,90.00101,10
29,80.00201,100.00101,10
29,101.52501,121.52400999999999,11
29,111.52501,131.52401,11
29,121.52501,141.52401,11
29,131.52501,151.52401,11
29,141.52501,161.52401,11
29,151.52501,171.52401,11
29,161.52501,181.52401,11
29,171.52501,191.52401,11
29,181.52501,201.52401,11
29,191.52501,211.52401,11
29,221.54801,241.54701,1
29,231.54801,251.54701,1
29,241.54801,261.54701,1
29,251.54801,271.54701,1
29,261.54801000000003,281.54701,1
29,271.54801000000003,291.54701,1
29,281.54801000000003,301.54701,1
29,291.54801000000003,311.54701,1
29,301.54801000000003,321.54701,1
29,311.54801000000003,331.54701,1
29,321.54801000000003,341.54701,1
29,331.54801000000003,351.54701,1
29,341.54801000000003,361.54701,1
29,351.54801000000003,371.54701,1
29,361.54801000000003,381.54701,1
29,371.54801000000003,391.54701,1
29,381.54801000000003,401.54701,1
29,407.14801,427.14701,11
29,417.14801,437.14701,11
29,427.14801,447.14701,11
29,437.14801,457.14701,11
29,447.14801,467.14701,11
29,457.14801,477.14701,11
29,467.14801,487.14701,11
29,477.14801,497.14701,11
29,487.14801,507.14701,11
29,497.14801,517.14701,11
29,527.14701,547.14601,3
29,537.14701,557.14601,3
29,547.14701,567.14601,3
29,557.14701,577.14601,3
29,567.14701,587.14601,3
29,577.14701,597.14601,3
29,587.14701,607.14601,3
29,597.14701,617.14601,3
29,607.14701,627.14601,3
29,617.14701,637.14601,3
29,645.79701,665.79601,11
29,655.79701,675.79601,11
29,665.79701,685.79601,11
29,675.79701,695.79601,11
29,685.79701,705.79601,11
29,695.79701,715.79601,11
29,705.79701,725.79601,11
29,715.79701,735.79601,11
29,725.79701,745.79601,11
29,735.79701,755.79601,11
29,765.79401,785.79301,7
29,775.79401,795.79301,7
29,785.79401,805.79301,7
29,795.79401,815.79301,7
29,805.79401,825.79301,7
29,815.79401,835.79301,7
29,825.79401,845.79301,7
29,835.79401,855.79301,7
29,845.79401,865.79301,7
29,855.79401,875.79301,7
29,865.79401,885.79301,7
29,875.79401,895.79301,7
29,885.79401,905.79301,7
29,895.79401,915.79301,7
29,905.79401,925.79301,7
29,915.79401,935.79301,7
29,925.79401,945.79301,7
29,935.79401,955.79301,7
29,962.79401,982.79301,11
29,972.79401,992.79301,11
29,982.79401,1002.79301,11
29,992.79401,1012.79301,11
29,1002.79401,1022.79301,11
29,1012.79401,1032.79301,11
29,1022.79401,1042.79301,11
29,1032.79401,1052.79301,11
29,1042.79401,1062.79301,11
29,1052.79401,1072.79301,11
29,1082.79601,1102.79501,5
29,1092.79601,1112.79501,5
29,1102.79601,1122.79501,5
29,1112.79601,1132.79501,5
29,1122.79601,1142.79501,5
29,1132.79601,1152.79501,5
29,1142.79601,1162.79501,5
29,1152.79601,1172.79501,5
29,1162.79601,1182.79501,5
29,1172.79601,1192.79501,5
29,1182.79601,1202.79501,5
29,1192.79601,1212.79501,5
29,1202.79601,1222.79501,5
29,1227.89601,1247.89501,11
29,1237.89601,1257.89501,11
29,1247.89601,1267.89501,11
29,1257.89601,1277.89501,11
29,1267.89601,1287.89501,11
29,1277.89601,1297.89501,11
29,1287.89601,1307.89501,11
29,1297.89601,1317.89501,11
29,1307.89601,1327.89501,11
29,1317.89601,1337.89501,11
29,1347.89701,1367.89601,4
29,1357.89701,1377.89601,4
29,1367.89701,1387.89601,4
29,1377.89701,1397.89601,4
29,1387.89701,1407.89601,4
29,1397.89701,1417.89601,4
29,1407.89701,1427.89601,4
29,1417.89701,1437.89601,4
29,1427.89701,1447.89601,4
29,1437.89701,1457.89601,4
29,1447.89701,1467.89601,4
29,1457.89701,1477.89601,4
29,1467.89701,1487.89601,4
29,1477.89701,1497.89601,4
29,1487.89701,1507.89601,4
29,1507.99701,1527.99601,11
29,1517.99701,1537.99601,11
29,1527.99701,1547.99601,11
29,1537.99701,1557.99601,11
29,1547.99701,1567.99601,11
29,1557.99701,1577.99601,11
29,1567.99701,1587.99601,11
29,1577.99701,1597.99601,11
29,1587.99701,1607.99601,11
29,1597.99701,1617.99601,11
29,1627.99501,1647.9940100000001,6
29,1637.99501,1657.9940100000001,6
29,1647.99501,1667.9940100000001,6
29,1657.99501,1677.9940100000001,6
29,1667.99501,1687.9940100000001,6
29,1677.99501,1697.9940100000001,6
29,1687.99501,1707.9940100000001,6
29,1697.99501,1717.9940100000001,6
29,1707.99501,1727.9940100000001,6
29,1717.99501,1737.9940100000001,6
29,1727.99501,1747.9940100000001,6
29,1737.99501,1757.9940100000001,6
29,1747.99501,1767.9940100000001,6
29,1774.74501,1794.7440100000001,11
29,1784.74501,1804.7440100000001,11
29,1794.74501,1814.7440100000001,11
29,1804.74501,1824.7440100000001,11
29,1814.74501,1834.7440100000001,11
29,1824.74501,1844.7440100000001,11
29,1834.74501,1854.7440100000001,11
29,1844.74501,1864.7440100000001,11
29,1854.74501,1874.7440100000001,11
29,1864.74501,1884.7440100000001,11
29,1894.74801,1914.74701,2
29,1904.74801,1924.74701,2
29,1914.74801,1934.74701,2
29,1924.74801,1944.74701,2
29,1934.74801,1954.74701,2
29,1944.74801,1964.74701,2
29,1954.74801,1974.74701,2
29,1964.74801,1984.74701,2
29,1974.74801,1994.74701,2
29,1984.74801,2004.74701,2
29,1994.74801,2014.74701,2
29,2004.74801,2024.74701,2
29,2014.74801,2034.74701,2
29,2024.74801,2044.74701,2
29,2034.74801,2054.74801,2
29,2044.74801,2064.74801,2
29,2067.84801,2087.84701,11
29,2077.84801,2097.8480099999997,11
29,2087.84801,2107.8480099999997,11
29,2097.84901,2117.8480099999997,11
29,2107.84901,2127.8480099999997,11
29,2117.84901,2137.8480099999997,11
29,2127.84901,2147.8480099999997,11
29,2137.84901,2157.8480099999997,11
29,2147.84901,2167.8480099999997,11
29,2157.84901,2177.8480099999997,11
29,2187.84201,2207.8410099999996,8
29,2197.84201,2217.8410099999996,8
29,2207.84201,2227.8410099999996,8
29,2217.84201,2237.8410099999996,8
29,2227.84201,2247.8410099999996,8
29,2237.84201,2257.8410099999996,8
29,2247.84201,2267.8410099999996,8
29,2257.84201,2277.8410099999996,8
29,2267.84201,2287.8410099999996,8
29,2277.84201,2297.8410099999996,8
29,2287.84201,2307.8410099999996,8
29,2297.84201,2317.8410099999996,8
29,2307.84201,2327.8410099999996,8
29,2331.59401,2351.5930099999996,12
29,2341.59401,2361.5930099999996,12
29,2351.59401,2371.5930099999996,12
29,2361.59401,2381.5930099999996,12
29,2371.59401,2391.5930099999996,12
29,2381.59401,2401.5930099999996,12
29,2391.59401,2411.5930099999996,12
29,2401.59401,2421.5930099999996,12
29,2411.59401,2431.5930099999996,12
29,2421.59401,2441.5930099999996,12
30,0.0020099999999999996,20.001009999999997,10
30,10.00201,30.001009999999997,10
30,20.00201,40.00101,10
30,30.00201,50.00101,10
30,40.00201,60.00101,10
30,50.00201,70.00101,10
30,60.00201,80.00101,10
30,70.00201,90.00101,10
30,80.00201,100.00101,10
30,101.52501,121.52400999999999,11
30,111.52501,131.52401,11
30,121.52501,141.52401,11
30,131.52501,151.52401,11
30,141.52501,161.52401,11
30,151.52501,171.52401,11
30,161.52501,181.52401,11
30,171.52501,191.52401,11
30,181.52501,201.52401,11
30,191.52501,211.52401,11
30,221.54501000000002,241.54401000000001,6
30,231.54501000000002,251.54401000000001,6
30,241.54501000000002,261.54501,6
30,251.54501000000002,271.54501,6
30,261.54601,281.54501,6
30,271.54601,291.54501,6
30,281.54601,301.54501,6
30,291.54601,311.54501,6
30,301.54601,321.54501,6
30,311.54601,331.54501,6
30,321.54601,341.54501,6
30,331.54601,351.54501,6
30,341.54601,361.54501,6
30,368.29501,388.29401,11
30,378.29501,398.29401,11
30,388.29501,408.29401,11
30,398.29501,418.29401,11
30,408.29501,428.29401,11
30,418.29501,438.29401,11
30,428.29501,448.29401,11
30,438.29501,458.29401,11
30,448.29501,468.29401,11
30,458.29501,478.29401,11
30,488.29201,508.29101,8
30,498.29201,518.29101,8
30,508.29201,528.29101,8
30,518.29201,538.29101,8
30,528.29201,548.29101,8
30,538.29201,558.29101,8
30,548.29201,568.29101,8
30,558.29201,578.29101,8
30,568.29201,588.29101,8
30,578.29201,598.29101,8
30,588.29201,608.29101,8
30,598.29201,618.29101,8
30,608.29201,628.29101,8
30,632.04201,652.04101,11
30,642.04201,662.04101,11
30,652.04201,672.04101,11
30,662.04201,682.04101,11
30,672.04201,692.04101,11
30,682.04201,702.04101,11
30,692.04201,712.04101,11
30,702.04201,722.04101,11
30,712.04201,732.04101,11
30,722.04201,742.04101,11
30,752.04801,772.04701,2
30,762.04801,782.04701,2
30,772.04801,792.04701,2
30,782.04801,802.04701,2
30,792.04801,812.04701,2
30,802.04801,822.04701,2
30,812.04801,832.04701,2
30,822.04801,842.04701,2
30,832.04801,852.04701,2
30,842.04801,862.04701,2
30,852.04801,872.04701,2
30,862.04801,882.04701,2
30,872.04801,892.04701,2
30,882.04801,902.04701,2
30,892.04801,912.04701,2
30,902.04801,922.04701,2
30,925.14801,945.14701,11
30,935.14801,955.14701,11
30,945.14801,965.14701,11
30,955.14801,975.14701,11
30,965.14801,985.14701,11
30,975.14801,995.14701,11
30,985.14801,1005.14701,11
30,995.14801,1015.14701,11
30,1005.14801,1025.14701,11
30,1015.14801,1035.14701,11
30,1045.14701,1065.14601,4
30,1055.14701,1075.14601,4
30,1065.14701,1085.14601,4
30,1075.14701,1095.14601,4
30,1085.14701,1105.14601,4
30,1095.14701,1115.14601,4
30,1105.14701,1125.14601,4
30,1115.14701,1135.14601,4
30,1125.14701,1145.14601,4
30,1135.14701,1155.14601,4
30,1145.14701,1165.14601,4
30,1155.14701,1175.14601,4
30,1165.14701,1185.14601,4
30,1175.14701,1195.14601,4
30,1185.14701,1205.14601,4
30,1205.24701,1225.24601,11
30,1215.24701,1235.24601,11
30,1225.24701,1245.24601,11
30,1235.24701,1255.24601,11
30,1245.24701,1265.24601,11
30,1255.24701,1275.24601,11
30,1265.24701,1285.24601,11
30,1275.24701,1295.24601,11
30,1285.24701,1305.24601,11
30,1295.24701,1315.24601,11
30,1325.24601,1345.24501,5
30,1335.24601,1355.24501,5
30,1345.24601,1365.24501,5
30,1355.24601,1375.24501,5
30,1365.24601,1385.24501,5
30,1375.24601,1395.24501,5
30,1385.24601,1405.24501,5
30,1395.24601,1415.24501,5
30,1405.24601,1425.24501,5
30,1415.24601,1435.24501,5
30,1425.24601,1445.24501,5
30,1435.24601,1455.24501,5
30,1445.24601,1465.24501,5
30,1470.34601,1490.34501,11
30,1480.34601,1500.34501,11
30,1490.34601,1510.34501,11
30,1500.34601,1520.34501,11
30,1510.34601,1530.34501,11
30,1520.34601,1540.34501,11
30,1530.34601,1550.34501,11
30,1540.34601,1560.34501,11
30,1550.34601,1570.34501,11
30,1560.34601,1580.34501,11
30,1590.34701,1610.34601,3
30,1600.34701,1620.34601,3
30,1610.34701,1630.34601,3
30,1620.34701,1640.34601,3
30,1630.34701,1650.34601,3
30,1640.34701,1660.34601,3
30,1650.34701,1670.34601,3
30,1660.34701,1680.34601,3
30,1670.34701,1690.34601,3
30,1680.34701,1700.34601,3
30,1708.99701,1728.99601,11
30,1718.99701,1738.99601,11
30,1728.99701,1748.99601,11
30,1738.99701,1758.99601,11
30,1748.99701,1768.99601,11
30,1758.99701,1778.99601,11
30,1768.99701,1788.99601,11
30,1778.99701,1798.99601,11
30,1788.99701,1808.99601,11
30,1798.99701,1818.99601,11
30,1828.99801,1848.99701,1
30,1838.99801,1858.99701,1
30,1848.99801,1868.99701,1
30,1858.99801,1878.99701,1
30,1868.99801,1888.99701,1
30,1878.99801,1898.99701,1
30,1888.99801,1908.99701,1
30,1898.99801,1918.99701,1
30,1908.99801,1928.99701,1
30,1918.99801,1938.99701,1
30,1928.99801,1948.99701,1
30,1938.99801,1958.99701,1
30,1948.99801,1968.99701,1
30,1958.99801,1978.99701,1
30,1968.99801,1988.99701,1
30,1978.99801,1998.99701,1
30,1988.99801,2008.99701,1
30,2014.59801,2034.59701,11
30,2024.59801,2044.59701,11
30,2034.59801,2054.59701,11
30,2044.59801,2064.59701,11
30,2054.59801,2074.59701,11
30,2064.59801,2084.59701,11
30,2074.59801,2094.59701,11
30,2084.59801,2104.59701,11
30,2094.59801,2114.59701,11
30,2104.5980099999997,2124.59701,11
30,2134.59401,2154.5930099999996,7
30,2144.59401,2164.5930099999996,7
30,2154.59401,2174.5930099999996,7
30,2164.59401,2184.5930099999996,7
30,2174.59401,2194.5930099999996,7
30,2184.59401,2204.5930099999996,7
30,2194.59401,2214.5930099999996,7
30,2204.59401,2224.5930099999996,7
30,2214.59401,2234.5930099999996,7
30,2224.59401,2244.5930099999996,7
30,2234.59401,2254.5930099999996,7
30,2244.59401,2264.5930099999996,7
30,2254.59401,2274.5930099999996,7
30,2264.59401,2284.5930099999996,7
30,2274.59401,2294.5930099999996,7
30,2284.59401,2304.5930099999996,7
30,2294.59401,2314.5930099999996,7
30,2304.59401,2324.5930099999996,7
30,2331.59501,2351.59401,12
30,2341.59501,2361.59401,12
30,2351.59501,2371.59401,12
30,2361.59501,2381.59401,12
30,2371.59501,2391.59401,12
30,2381.59501,2401.59401,12
30,2391.59501,2411.59401,12
30,2401.59501,2421.59401,12
30,2411.59501,2431.59401,12
30,2421.59501,2441.59401,12
